Date_Time,PAR,RH,Temp,VWC
2019-12-09 09:42:00,534.7,0.35,28.2,0.188
2019-12-09 09:43:00,963.1,0.33,28.5,0.188
2019-12-09 09:44:00,1261.6,0.33,28.8,0.188
2019-12-09 09:45:00,1316.5,0.33,29,0.188
2019-12-09 09:46:00,1307.4,0.32,29,0.188
2019-12-09 09:47:00,1327.5,0.32,29,0.188
2019-12-09 09:48:00,1362.3,0.32,28.9,0.188
2019-12-09 09:49:00,1402.6,0.32,28.9,0.188
2019-12-09 09:50:00,1441,0.31,29,0.188
2019-12-09 09:51:00,1457.5,0.32,29.2,0.188
2019-12-09 09:52:00,1459.4,0.31,29.3,0.189
2019-12-09 09:53:00,1468.5,0.32,29.2,0.189
2019-12-09 09:54:00,1485,0.31,29.3,0.19
2019-12-09 09:55:00,1488.6,0.31,29.5,0.19
2019-12-09 09:56:00,1488.6,0.3,29.5,0.19
2019-12-09 09:57:00,1512.5,0.32,29.6,0.19
2019-12-09 09:58:00,1519.8,0.31,29.6,0.19
2019-12-09 09:59:00,1507,0.31,29.8,0.19
2019-12-09 10:00:00,1510.6,0.31,30,0.19
2019-12-09 10:01:00,1510.6,0.31,30.3,0.19
2019-12-09 10:02:00,1516.1,0.3,30.5,0.19
2019-12-09 10:03:00,1512.5,0.3,30.7,0.191
2019-12-09 10:04:00,1514.3,0.29,31,0.19
2019-12-09 10:05:00,1523.4,0.29,31.3,0.19
2019-12-09 10:06:00,1521.6,0.28,31.6,0.19
2019-12-09 10:07:00,1507,0.28,31.9,0.19
2019-12-09 10:08:00,1505.1,0.28,32.2,0.19
2019-12-09 10:09:00,1512.5,0.27,32.6,0.19
2019-12-09 10:10:00,1512.5,0.27,32.8,0.19
2019-12-09 10:11:00,1512.5,0.27,33.1,0.19
2019-12-09 10:12:00,1505.1,0.26,33.4,0.19
2019-12-09 10:13:00,1501.5,0.25,33.6,0.19
2019-12-09 10:14:00,1525.3,0.25,33.8,0.19
2019-12-09 10:15:00,1516.1,0.25,34,0.19
2019-12-09 10:16:00,1523.4,0.24,34.3,0.19
2019-12-09 10:17:00,1532.6,0.24,34.5,0.19
2019-12-09 10:18:00,1501.5,0.24,34.6,0.19
2019-12-09 10:19:00,1063.8,0.24,34.8,0.19
2019-12-09 10:20:00,838.6,0.24,35,0.19
2019-12-09 10:21:00,1318.4,0.24,35.3,0.19
2019-12-09 10:22:00,1490.5,0.23,35.5,0.191
2019-12-09 10:23:00,1113.3,0.23,35.7,0.191
2019-12-09 10:24:00,523.7,0.23,36,0.191
2019-12-09 10:25:00,333.3,0.23,36.2,0.191
2019-12-09 10:26:00,331.4,0.23,36.3,0.191
2019-12-09 10:27:00,340.6,0.23,36.4,0.191
2019-12-09 10:28:00,346.1,0.22,36.6,0.191
2019-12-09 10:29:00,468.8,0.23,36.8,0.191
2019-12-09 10:30:00,668.3,0.22,36.9,0.191
2019-12-09 10:31:00,708.6,0.22,37,0.191
2019-12-09 10:32:00,752.6,0.22,37,0.191
2019-12-09 10:33:00,835,0.22,37.1,0.191
2019-12-09 10:34:00,862.4,0.21,37.2,0.191
2019-12-09 10:35:00,884.4,0.21,37.2,0.191
2019-12-09 10:36:00,897.2,0.22,37.3,0.191
2019-12-09 10:37:00,891.7,0.22,37.3,0.191
2019-12-09 10:38:00,911.9,0.22,37.3,0.191
2019-12-09 10:39:00,930.2,0.21,37.2,0.191
2019-12-09 10:40:00,933.8,0.22,37,0.191
2019-12-09 10:41:00,917.4,0.21,37,0.191
2019-12-09 10:42:00,851.4,0.22,36.9,0.192
2019-12-09 10:43:00,631.7,0.21,37,0.193
2019-12-09 10:44:00,413.8,0.21,37,0.193
2019-12-09 10:45:00,362.5,0.22,37.1,0.193
2019-12-09 10:46:00,353.4,0.22,37.3,0.194
2019-12-09 10:47:00,347.9,0.21,37.3,0.194
2019-12-09 10:48:00,344.2,0.2,37.5,0.195
2019-12-09 10:49:00,344.2,0.21,37.5,0.195
2019-12-09 10:50:00,342.4,0.22,37.5,0.195
2019-12-09 10:51:00,344.2,0.22,37.5,0.195
2019-12-09 10:52:00,346.1,0.22,37.5,0.195
2019-12-09 10:53:00,347.9,0.21,37.5,0.195
2019-12-09 10:54:00,349.7,0.2,37.5,0.195
2019-12-09 10:55:00,355.2,0.2,37.5,0.195
2019-12-09 10:56:00,362.5,0.22,37.5,0.196
2019-12-09 10:57:00,373.5,0.21,37.5,0.196
2019-12-09 10:58:00,443.1,0.22,37.5,0.196
2019-12-09 10:59:00,672,0.22,37.5,0.196
2019-12-09 11:00:00,816.7,0.2,37.5,0.196
2019-12-09 11:01:00,697.6,0.21,37.4,0.196
2019-12-09 11:02:00,701.3,0.21,37.4,0.196
2019-12-09 11:03:00,853.3,0.21,37.4,0.196
2019-12-09 11:04:00,761.7,0.21,37.4,0.196
2019-12-09 11:05:00,681.2,0.21,37.2,0.196
2019-12-09 11:06:00,721.4,0.23,37.1,0.196
2019-12-09 11:07:00,661,0.22,37.1,0.196
2019-12-09 11:08:00,609.7,0.22,37.1,0.196
2019-12-09 11:09:00,620.7,0.21,37,0.196
2019-12-09 11:10:00,629.9,0.22,36.9,0.196
2019-12-09 11:11:00,629.9,0.22,36.8,0.196
2019-12-09 11:12:00,613.4,0.22,36.8,0.196
2019-12-09 11:13:00,584.1,0.22,36.9,0.196
2019-12-09 11:14:00,593.3,0.22,36.9,0.196
2019-12-09 11:15:00,576.8,0.22,37,0.196
2019-12-09 11:16:00,591.4,0.22,37,0.196
2019-12-09 11:17:00,521.9,0.23,36.8,0.196
2019-12-09 11:18:00,459.6,0.22,36.8,0.196
2019-12-09 11:19:00,441.3,0.23,36.8,0.196
2019-12-09 11:20:00,412,0.23,36.7,0.196
2019-12-09 11:21:00,377.2,0.23,36.6,0.196
2019-12-09 11:22:00,366.2,0.23,36.6,0.196
2019-12-09 11:23:00,366.2,0.23,36.7,0.196
2019-12-09 11:24:00,366.2,0.23,36.8,0.196
2019-12-09 11:25:00,369.9,0.23,36.9,0.196
2019-12-09 11:26:00,391.8,0.23,37,0.196
2019-12-09 11:27:00,772.7,0.23,37.2,0.196
2019-12-09 11:28:00,1408.1,0.22,37.4,0.196
2019-12-09 11:29:00,1642.5,0.22,37.6,0.196
2019-12-09 11:30:00,1658.9,0.23,37.6,0.196
2019-12-09 11:31:00,1620.5,0.23,37.7,0.196
2019-12-09 11:32:00,1622.3,0.23,37.7,0.196
2019-12-09 11:33:00,1664.4,0.23,37.8,0.196
2019-12-09 11:34:00,1653.4,0.22,38,0.196
2019-12-09 11:35:00,1677.2,0.22,38.1,0.196
2019-12-09 11:36:00,1695.6,0.22,38.3,0.196
2019-12-09 11:37:00,1721.2,0.22,38.3,0.196
2019-12-09 11:38:00,1730.3,0.22,38.4,0.196
2019-12-09 11:39:00,1732.2,0.22,38.5,0.196
2019-12-09 11:40:00,1750.5,0.22,38.7,0.196
2019-12-09 11:41:00,1787.1,0.22,38.8,0.196
2019-12-09 11:42:00,1745,0.22,38.8,0.196
2019-12-09 11:43:00,1715.7,0.22,38.9,0.196
2019-12-09 11:44:00,1710.2,0.22,39,0.196
2019-12-09 11:45:00,1739.5,0.22,39.1,0.196
2019-12-09 11:46:00,1842,0.22,39.2,0.196
2019-12-09 11:47:00,1799.9,0.22,39.3,0.196
2019-12-09 11:48:00,1757.8,0.22,39.5,0.196
2019-12-09 11:49:00,1746.8,0.21,39.7,0.196
2019-12-09 11:50:00,1770.6,0.22,39.7,0.196
2019-12-09 11:51:00,1778,0.2,39.8,0.197
2019-12-09 11:52:00,1774.3,0.21,39.9,0.197
2019-12-09 11:53:00,1792.6,0.21,40,0.197
2019-12-09 11:54:00,1823.7,0.2,40.1,0.197
2019-12-09 11:55:00,1767,0.2,40.2,0.197
2019-12-09 11:56:00,1741.3,0.21,40.2,0.198
2019-12-09 11:57:00,1745,0.21,40,0.198
2019-12-09 11:58:00,1783.4,0.22,40,0.198
2019-12-09 11:59:00,1878.7,0.2,40.1,0.198
2019-12-09 12:00:00,1816.4,0.2,40.2,0.198
2019-12-09 12:01:00,1792.6,0.2,40.3,0.198
2019-12-09 12:02:00,1776.1,0.2,40.3,0.198
2019-12-09 12:03:00,1761.5,0.2,40.3,0.198
2019-12-09 12:04:00,1801.8,0.21,40.4,0.198
2019-12-09 12:05:00,1818.2,0.21,40.5,0.198
2019-12-09 12:06:00,1843.9,0.21,40.7,0.198
2019-12-09 12:07:00,1847.5,0.21,40.7,0.198
2019-12-09 12:08:00,1825.6,0.21,40.7,0.198
2019-12-09 12:09:00,1807.3,0.21,40.7,0.199
2019-12-09 12:10:00,1796.3,0.21,40.7,0.199
2019-12-09 12:11:00,1851.2,0.21,40.7,0.2
2019-12-09 12:12:00,1851.2,0.2,40.8,0.2
2019-12-09 12:13:00,1746.8,0.21,40.8,0.2
2019-12-09 12:14:00,1715.7,0.2,40.9,0.2
2019-12-09 12:15:00,1728.5,0.21,40.9,0.2
2019-12-09 12:16:00,1787.1,0.21,41,0.2
2019-12-09 12:17:00,1834.7,0.2,41,0.2
2019-12-09 12:18:00,1787.1,0.21,40.9,0.2
2019-12-09 12:19:00,1367.8,0.2,40.9,0.2
2019-12-09 12:20:00,686.6,0.21,40.9,0.2
2019-12-09 12:21:00,450.4,0.2,40.9,0.201
2019-12-09 12:22:00,763.5,0.21,41,0.201
2019-12-09 12:23:00,1404.4,0.2,41.1,0.201
2019-12-09 12:24:00,1669.9,0.21,41.2,0.201
2019-12-09 12:25:00,1627.8,0.2,41.2,0.201
2019-12-09 12:26:00,1638.8,0.2,40.9,0.201
2019-12-09 12:27:00,1675.4,0.21,40.8,0.201
2019-12-09 12:28:00,1693.7,0.21,40.8,0.201
2019-12-09 12:29:00,1710.2,0.21,40.8,0.201
2019-12-09 12:30:00,1741.3,0.21,40.7,0.201
2019-12-09 12:31:00,1756,0.22,40.7,0.201
2019-12-09 12:32:00,1712,0.22,40.7,0.201
2019-12-09 12:33:00,1695.6,0.22,40.8,0.202
2019-12-09 12:34:00,1724.9,0.22,40.7,0.202
2019-12-09 12:35:00,1781.6,0.22,40.7,0.202
2019-12-09 12:36:00,1796.3,0.22,40.6,0.202
2019-12-09 12:37:00,1743.2,0.22,40.6,0.202
2019-12-09 12:38:00,1745,0.22,40.7,0.202
2019-12-09 12:39:00,1799.9,0.22,40.7,0.202
2019-12-09 12:40:00,1845.7,0.22,40.7,0.202
2019-12-09 12:41:00,1836.5,0.22,40.6,0.202
2019-12-09 12:42:00,1783.4,0.22,40.5,0.202
2019-12-09 12:43:00,1734,0.22,40.5,0.202
2019-12-09 12:44:00,1741.3,0.22,40.5,0.202
2019-12-09 12:45:00,1799.9,0.22,40.5,0.202
2019-12-09 12:46:00,1763.3,0.22,40.5,0.202
2019-12-09 12:47:00,1750.5,0.22,40.5,0.202
2019-12-09 12:48:00,1741.3,0.22,40.6,0.202
2019-12-09 12:49:00,1787.1,0.22,40.7,0.202
2019-12-09 12:50:00,1803.6,0.22,40.7,0.202
2019-12-09 12:51:00,1796.3,0.22,40.7,0.202
2019-12-09 12:52:00,1796.3,0.22,40.8,0.202
2019-12-09 12:53:00,1798.1,0.22,40.8,0.202
2019-12-09 12:54:00,1810.9,0.22,40.7,0.202
2019-12-09 12:55:00,1798.1,0.22,40.5,0.202
2019-12-09 12:56:00,1798.1,0.22,40.4,0.202
2019-12-09 12:57:00,1776.1,0.22,40.4,0.202
2019-12-09 12:58:00,1787.1,0.22,40.4,0.202
2019-12-09 12:59:00,1798.1,0.22,40.4,0.202
2019-12-09 13:00:00,1814.6,0.22,40.4,0.202
2019-12-09 13:01:00,1796.3,0.22,40.4,0.202
2019-12-09 13:02:00,1787.1,0.22,40.5,0.202
2019-12-09 13:03:00,1807.3,0.23,40.6,0.202
2019-12-09 13:04:00,1803.6,0.22,40.7,0.202
2019-12-09 13:05:00,1776.1,0.22,40.9,0.202
2019-12-09 13:06:00,1776.1,0.22,41,0.202
2019-12-09 13:07:00,1807.3,0.22,41.3,0.202
2019-12-09 13:08:00,1823.7,0.22,41.4,0.202
2019-12-09 13:09:00,1818.2,0.22,41.5,0.202
2019-12-09 13:10:00,1803.6,0.22,41.6,0.202
2019-12-09 13:11:00,1820.1,0.22,41.5,0.202
2019-12-09 13:12:00,1812.7,0.22,41.4,0.202
2019-12-09 13:13:00,1799.9,0.22,41.4,0.203
2019-12-09 13:14:00,1779.8,0.22,41.5,0.202
2019-12-09 13:15:00,1805.4,0.22,41.5,0.202
2019-12-09 13:16:00,1807.3,0.22,41.6,0.202
2019-12-09 13:17:00,1776.1,0.22,41.6,0.202
2019-12-09 13:18:00,1778,0.22,41.4,0.202
2019-12-09 13:19:00,1812.7,0.22,41.3,0.202
2019-12-09 13:20:00,1816.4,0.22,41.1,0.202
2019-12-09 13:21:00,1794.4,0.22,41,0.202
2019-12-09 13:22:00,1776.1,0.23,40.9,0.202
2019-12-09 13:23:00,1814.6,0.23,40.8,0.202
2019-12-09 13:24:00,1818.2,0.23,40.7,0.202
2019-12-09 13:25:00,1809.1,0.23,40.7,0.202
2019-12-09 13:26:00,1810.9,0.23,40.7,0.202
2019-12-09 13:27:00,1818.2,0.23,40.8,0.202
2019-12-09 13:28:00,1779.8,0.23,40.8,0.202
2019-12-09 13:29:00,1770.6,0.23,40.7,0.202
2019-12-09 13:30:00,1801.8,0.23,40.6,0.202
2019-12-09 13:31:00,1823.7,0.24,40.6,0.202
2019-12-09 13:32:00,1801.8,0.24,40.7,0.202
2019-12-09 13:33:00,1821.9,0.24,40.7,0.202
2019-12-09 13:34:00,1854.9,0.23,40.8,0.202
2019-12-09 13:35:00,1865.8,0.23,41,0.202
2019-12-09 13:36:00,1860.4,0.23,41.1,0.202
2019-12-09 13:37:00,1876.8,0.23,41.3,0.202
2019-12-09 13:38:00,1856.7,0.23,41.3,0.202
2019-12-09 13:39:00,1825.6,0.23,41.4,0.202
2019-12-09 13:40:00,1829.2,0.23,41.5,0.202
2019-12-09 13:41:00,1812.7,0.23,41.5,0.202
2019-12-09 13:42:00,1778,0.23,41.5,0.202
2019-12-09 13:43:00,1787.1,0.23,41.6,0.202
2019-12-09 13:44:00,1799.9,0.23,41.7,0.202
2019-12-09 13:45:00,1814.6,0.23,41.7,0.202
2019-12-09 13:46:00,1807.3,0.23,41.7,0.202
2019-12-09 13:47:00,1798.1,0.23,41.8,0.202
2019-12-09 13:48:00,1843.9,0.23,41.8,0.202
2019-12-09 13:49:00,1706.5,0.23,41.8,0.202
2019-12-09 13:50:00,1148.1,0.23,41.8,0.202
2019-12-09 13:51:00,604.2,0.23,41.8,0.202
2019-12-09 13:52:00,681.2,0.23,41.8,0.201
2019-12-09 13:53:00,1214,0.23,41.7,0.201
2019-12-09 13:54:00,1598.5,0.24,41.6,0.201
2019-12-09 13:55:00,1750.5,0.23,41.6,0.2
2019-12-09 13:56:00,1799.9,0.23,41.6,0.2
2019-12-09 13:57:00,1801.8,0.24,41.7,0.2
2019-12-09 13:58:00,1827.4,0.24,41.7,0.2
2019-12-09 13:59:00,1849.4,0.24,41.7,0.2
2019-12-09 14:00:00,1803.6,0.23,41.8,0.2
2019-12-09 14:01:00,1790.8,0.23,41.8,0.2
2019-12-09 14:02:00,1827.4,0.23,41.8,0.2
2019-12-09 14:03:00,1823.7,0.23,41.8,0.2
2019-12-09 14:04:00,1820.1,0.23,41.8,0.199
2019-12-09 14:05:00,1843.9,0.23,41.8,0.198
2019-12-09 14:06:00,1814.6,0.23,41.8,0.198
2019-12-09 14:07:00,1814.6,0.24,41.9,0.198
2019-12-09 14:08:00,1829.2,0.23,42,0.198
2019-12-09 14:09:00,1765.1,0.23,42,0.198
2019-12-09 14:10:00,1763.3,0.23,42,0.198
2019-12-09 14:11:00,1812.7,0.23,42.1,0.198
2019-12-09 14:12:00,1847.5,0.23,42.3,0.198
2019-12-09 14:13:00,1887.8,0.23,42.4,0.198
2019-12-09 14:14:00,1875,0.23,42.5,0.198
2019-12-09 14:15:00,1860.4,0.23,42.6,0.198
2019-12-09 14:16:00,1865.8,0.23,42.7,0.198
2019-12-09 14:17:00,1849.4,0.23,42.8,0.198
2019-12-09 14:18:00,1840.2,0.23,42.7,0.198
2019-12-09 14:19:00,1831.1,0.23,42.7,0.198
2019-12-09 14:20:00,1756,0.23,42.7,0.198
2019-12-09 14:21:00,1710.2,0.23,42.8,0.198
2019-12-09 14:22:00,1686.4,0.22,42.7,0.198
2019-12-09 14:23:00,1669.9,0.23,42.7,0.197
2019-12-09 14:24:00,1638.8,0.23,42.7,0.197
2019-12-09 14:25:00,1437.4,0.23,42.6,0.197
2019-12-09 14:26:00,858.8,0.23,42.6,0.197
2019-12-09 14:27:00,441.3,0.24,42.5,0.196
2019-12-09 14:28:00,428.5,0.24,42.5,0.196
2019-12-09 14:29:00,516.4,0.23,42.5,0.196
2019-12-09 14:30:00,1082.2,0.23,42.4,0.196
2019-12-09 14:31:00,1565.6,0.23,42.4,0.196
2019-12-09 14:32:00,1580.2,0.23,42.5,0.196
2019-12-09 14:33:00,1629.6,0.23,42.4,0.196
2019-12-09 14:34:00,1616.8,0.23,42.5,0.196
2019-12-09 14:35:00,1638.8,0.23,42.5,0.196
2019-12-09 14:36:00,1631.5,0.24,42.5,0.196
2019-12-09 14:37:00,1629.6,0.23,42.7,0.196
2019-12-09 14:38:00,1582,0.24,42.7,0.196
2019-12-09 14:39:00,1571,0.23,42.8,0.196
2019-12-09 14:40:00,1565.6,0.24,42.7,0.196
2019-12-09 14:41:00,1525.3,0.24,42.7,0.196
2019-12-09 14:42:00,327.8,0.24,42.8,0.196
2019-12-09 14:43:00,1527.1,0.23,42.8,0.196
2019-12-09 14:44:00,1490.5,0.23,42.8,0.196
2019-12-09 14:45:00,1481.3,0.23,42.9,0.195
2019-12-09 14:46:00,1499.6,0.23,43,0.195
2019-12-09 14:47:00,1517.9,0.23,43.1,0.195
2019-12-09 14:48:00,1512.5,0.23,43.2,0.195
2019-12-09 14:49:00,1507,0.23,43.3,0.195
2019-12-09 14:50:00,1505.1,0.23,43.3,0.195
2019-12-09 14:51:00,1138.9,0.23,43.3,0.195
2019-12-09 14:52:00,714.1,0.23,43.5,0.195
2019-12-09 14:53:00,1007.1,0.23,43.5,0.195
2019-12-09 14:54:00,1463,0.23,43.6,0.195
2019-12-09 14:55:00,1527.1,0.22,43.6,0.195
2019-12-09 14:56:00,1543.6,0.22,43.7,0.195
2019-12-09 14:57:00,1578.4,0.22,43.7,0.195
2019-12-09 14:58:00,1560.1,0.22,43.7,0.195
2019-12-09 14:59:00,1554.6,0.22,43.7,0.195
2019-12-09 15:00:00,1563.7,0.22,43.7,0.195
2019-12-09 15:01:00,1318.4,0.22,43.6,0.195
2019-12-09 15:02:00,858.8,0.23,43.5,0.195
2019-12-09 15:03:00,697.6,0.22,43.4,0.195
2019-12-09 15:04:00,666.5,0.22,43.3,0.195
2019-12-09 15:05:00,542,0.22,43.2,0.195
2019-12-09 15:06:00,496.2,0.23,43.1,0.195
2019-12-09 15:07:00,490.7,0.23,43.1,0.195
2019-12-09 15:08:00,494.4,0.23,43.2,0.195
2019-12-09 15:09:00,736.1,0.23,43.3,0.195
2019-12-09 15:10:00,1186.5,0.23,43.3,0.195
2019-12-09 15:11:00,1404.4,0.22,43.3,0.195
2019-12-09 15:12:00,1413.6,0.22,43.4,0.195
2019-12-09 15:13:00,1397.1,0.22,43.5,0.195
2019-12-09 15:14:00,1408.1,0.23,43.6,0.195
2019-12-09 15:15:00,1404.4,0.22,43.7,0.195
2019-12-09 15:16:00,1395.3,0.22,43.7,0.194
2019-12-09 15:17:00,1404.4,0.22,43.7,0.194
2019-12-09 15:18:00,1397.1,0.22,43.7,0.194
2019-12-09 15:19:00,1398.9,0.22,43.5,0.193
2019-12-09 15:20:00,1409.9,0.22,43.5,0.193
2019-12-09 15:21:00,1400.8,0.23,43.5,0.193
2019-12-09 15:22:00,1398.9,0.22,43.5,0.193
2019-12-09 15:23:00,1398.9,0.22,43.5,0.193
2019-12-09 15:24:00,1386.1,0.22,43.5,0.193
2019-12-09 15:25:00,1369.6,0.22,43.4,0.193
2019-12-09 15:26:00,1356.8,0.22,43.4,0.193
2019-12-09 15:27:00,1358.6,0.23,43.4,0.193
2019-12-09 15:28:00,1342.2,0.23,43.4,0.193
2019-12-09 15:29:00,1316.5,0.23,43.4,0.193
2019-12-09 15:30:00,1307.4,0.22,43.4,0.194
2019-12-09 15:31:00,1296.4,0.22,43.5,0.194
2019-12-09 15:32:00,1290.9,0.23,43.5,0.195
2019-12-09 15:33:00,1274.4,0.23,43.4,0.195
2019-12-09 15:34:00,1243.3,0.23,43.3,0.195
2019-12-09 15:35:00,1226.8,0.23,43.3,0.195
2019-12-09 15:36:00,1215.8,0.23,43.1,0.195
2019-12-09 15:37:00,1095,0.23,43,0.195
2019-12-09 15:38:00,719.6,0.23,42.9,0.195
2019-12-09 15:39:00,485.2,0.23,42.8,0.195
2019-12-09 15:40:00,521.9,0.23,42.8,0.195
2019-12-09 15:41:00,521.9,0.24,42.8,0.195
2019-12-09 15:42:00,487.1,0.24,42.8,0.195
2019-12-09 15:43:00,397.3,0.24,42.8,0.194
2019-12-09 15:44:00,333.3,0.24,42.8,0.194
2019-12-09 15:45:00,357.1,0.24,42.8,0.194
2019-12-09 15:46:00,640.9,0.24,42.8,0.194
2019-12-09 15:47:00,943,0.24,42.7,0.193
2019-12-09 15:48:00,979.6,0.24,42.7,0.193
2019-12-09 15:49:00,961.3,0.24,42.6,0.193
2019-12-09 15:50:00,906.4,0.24,42.6,0.193
2019-12-09 15:51:00,624.4,0.24,42.5,0.193
2019-12-09 15:52:00,340.6,0.24,42.4,0.193
2019-12-09 15:53:00,293,0.24,42.3,0.193
2019-12-09 15:54:00,327.8,0.24,42.2,0.193
2019-12-09 15:55:00,426.6,0.24,42.1,0.192
2019-12-09 15:56:00,543.8,0.24,42,0.191
2019-12-09 15:57:00,688.5,0.24,41.9,0.191
2019-12-09 15:58:00,624.4,0.24,41.8,0.191
2019-12-09 15:59:00,379,0.25,41.8,0.191
2019-12-09 16:00:00,428.5,0.24,41.7,0.191
2019-12-09 16:01:00,446.8,0.25,41.7,0.463
2019-12-09 16:02:00,316.8,0.25,41.6,0.472
2019-12-09 16:03:00,280.2,0.25,41.5,0.458
2019-12-09 16:04:00,265.5,0.25,41.4,0.446
2019-12-09 16:05:00,261.8,0.25,41.3,0.441
2019-12-09 16:06:00,263.7,0.25,41.3,0.439
2019-12-09 16:07:00,271,0.26,41.2,0.436
2019-12-09 16:08:00,327.8,0.26,41.2,0.436
2019-12-09 16:09:00,415.6,0.25,41.1,0.434
2019-12-09 16:10:00,388.2,0.26,41.1,0.434
2019-12-09 16:11:00,283.8,0.26,41,0.433
2019-12-09 16:12:00,263.7,0.26,41,0.433
2019-12-09 16:13:00,260,0.27,40.9,0.431
2019-12-09 16:14:00,256.3,0.27,40.9,0.431
2019-12-09 16:15:00,254.5,0.27,40.9,0.429
2019-12-09 16:16:00,252.7,0.27,40.9,0.429
2019-12-09 16:17:00,252.7,0.27,40.9,0.429
2019-12-09 16:18:00,250.9,0.27,41,0.429
2019-12-09 16:19:00,250.9,0.27,41,0.429
2019-12-09 16:20:00,250.9,0.27,41,0.429
2019-12-09 16:21:00,254.5,0.26,41,0.429
2019-12-09 16:22:00,254.5,0.27,41,0.428
2019-12-09 16:23:00,256.3,0.27,41,0.428
2019-12-09 16:24:00,256.3,0.27,41,0.428
2019-12-09 16:25:00,254.5,0.27,41.1,0.428
2019-12-09 16:26:00,252.7,0.27,41.1,0.428
2019-12-09 16:27:00,247.2,0.27,41.1,0.428
2019-12-09 16:28:00,239.9,0.27,41.1,0.428
2019-12-09 16:29:00,234.4,0.27,41.1,0.428
2019-12-09 16:30:00,234.4,0.27,41,0.428
2019-12-09 16:31:00,239.9,0.27,40.9,0.428
2019-12-09 16:32:00,243.5,0.28,40.7,0.428
2019-12-09 16:33:00,236.2,0.28,40.5,0.428
2019-12-09 16:34:00,228.9,0.28,40.4,0.428
2019-12-09 16:35:00,230.7,0.28,40.3,0.428
2019-12-09 16:36:00,234.4,0.28,40.3,0.428
2019-12-09 16:37:00,230.7,0.29,40.2,0.428
2019-12-09 16:38:00,223.4,0.29,40.1,0.428
2019-12-09 16:39:00,223.4,0.28,40,0.428
2019-12-09 16:40:00,225.2,0.29,40,0.428
2019-12-09 16:41:00,221.6,0.29,40,0.427
2019-12-09 16:42:00,217.9,0.29,39.9,0.427
2019-12-09 16:43:00,216.1,0.29,39.8,0.427
2019-12-09 16:44:00,214.2,0.29,39.8,0.426
2019-12-09 16:45:00,212.4,0.29,39.8,0.426
2019-12-09 16:46:00,212.4,0.29,39.7,0.426
2019-12-09 16:47:00,212.4,0.29,39.7,0.426
2019-12-09 16:48:00,212.4,0.29,39.7,0.426
2019-12-09 16:49:00,212.4,0.29,39.6,0.426
2019-12-09 16:50:00,212.4,0.29,39.6,0.426
2019-12-09 16:51:00,212.4,0.3,39.6,0.426
2019-12-09 16:52:00,212.4,0.3,39.6,0.426
2019-12-09 16:53:00,212.4,0.3,39.7,0.426
2019-12-09 16:54:00,210.6,0.3,39.7,0.426
2019-12-09 16:55:00,212.4,0.3,39.7,0.426
2019-12-09 16:56:00,212.4,0.3,39.7,0.426
2019-12-09 16:57:00,212.4,0.3,39.7,0.426
2019-12-09 16:58:00,212.4,0.3,39.8,0.426
2019-12-09 16:59:00,214.2,0.29,39.8,0.426
2019-12-09 17:00:00,214.2,0.29,39.8,0.426
2019-12-09 17:01:00,216.1,0.29,39.7,0.426
2019-12-09 17:02:00,216.1,0.3,39.7,0.426
2019-12-09 17:03:00,217.9,0.3,39.6,0.426
2019-12-09 17:04:00,227.1,0.3,39.6,0.426
2019-12-09 17:05:00,239.9,0.29,39.5,0.426
2019-12-09 17:06:00,245.4,0.3,39.5,0.426
2019-12-09 17:07:00,314.9,0.3,39.5,0.426
2019-12-09 17:08:00,510.9,0.3,39.5,0.426
2019-12-09 17:09:00,705,0.3,39.6,0.425
2019-12-09 17:10:00,767.2,0.3,39.6,0.425
2019-12-09 17:11:00,756.2,0.3,39.7,0.425
2019-12-09 17:12:00,765.4,0.3,39.8,0.424
2019-12-09 17:13:00,770.9,0.3,40,0.424
2019-12-09 17:14:00,774.5,0.3,40.1,0.424
2019-12-09 17:15:00,772.7,0.29,40.2,0.424
2019-12-09 17:16:00,765.4,0.29,40.3,0.424
2019-12-09 17:17:00,754.4,0.29,40.5,0.424
2019-12-09 17:18:00,748.9,0.29,40.6,0.424
2019-12-09 17:19:00,754.4,0.29,40.7,0.424
2019-12-09 17:20:00,748.9,0.29,40.8,0.424
2019-12-09 17:21:00,748.9,0.29,40.8,0.424
2019-12-09 17:22:00,752.6,0.29,40.9,0.423
2019-12-09 17:23:00,756.2,0.29,41,0.423
2019-12-09 17:24:00,750.7,0.28,41,0.423
2019-12-09 17:25:00,747.1,0.28,41,0.423
2019-12-09 17:26:00,739.7,0.29,41,0.423
2019-12-09 17:27:00,741.6,0.28,41.1,0.423
2019-12-09 17:28:00,736.1,0.29,41.2,0.423
2019-12-09 17:29:00,715.9,0.28,41.2,0.423
2019-12-09 17:30:00,670.2,0.28,41.3,0.423
2019-12-09 17:31:00,604.2,0.28,41.4,0.423
2019-12-09 17:32:00,578.6,0.28,41.4,0.423
2019-12-09 17:33:00,648.2,0.28,41.4,0.423
2019-12-09 17:34:00,679.3,0.28,41.4,0.423
2019-12-09 17:35:00,679.3,0.29,41.5,0.423
2019-12-09 17:36:00,651.9,0.29,41.5,0.423
2019-12-09 17:37:00,496.2,0.29,41.4,0.423
2019-12-09 17:38:00,412,0.29,41.4,0.422
2019-12-09 17:39:00,534.7,0.29,41.4,0.422
2019-12-09 17:40:00,672,0.29,41.3,0.422
2019-12-09 17:41:00,675.7,0.29,41.4,0.421
2019-12-09 17:42:00,672,0.29,41.4,0.421
2019-12-09 17:43:00,662.8,0.29,41.4,0.421
2019-12-09 17:44:00,534.7,0.29,41.3,0.421
2019-12-09 17:45:00,336.9,0.29,41.2,0.421
2019-12-09 17:46:00,219.7,0.29,41,0.421
2019-12-09 17:47:00,241.7,0.29,41,0.421
2019-12-09 17:48:00,280.2,0.29,40.8,0.42
2019-12-09 17:49:00,252.7,0.3,40.7,0.42
2019-12-09 17:50:00,357.1,0.3,40.7,0.419
2019-12-09 17:51:00,490.7,0.3,40.7,0.419
2019-12-09 17:52:00,531,0.3,40.6,0.419
2019-12-09 17:53:00,527.3,0.3,40.5,0.419
2019-12-09 17:54:00,531,0.3,40.5,0.419
2019-12-09 17:55:00,521.9,0.3,40.5,0.419
2019-12-09 17:56:00,510.9,0.3,40.5,0.419
2019-12-09 17:57:00,488.9,0.3,40.5,0.419
2019-12-09 17:58:00,401,0.3,40.5,0.419
2019-12-09 17:59:00,293,0.3,40.5,0.418
2019-12-09 18:00:00,223.4,0.3,40.4,0.418
2019-12-09 18:01:00,278.3,0.3,40.3,0.418
2019-12-09 18:02:00,404.7,0.3,40.3,0.417
2019-12-09 18:03:00,509,0.3,40.3,0.417
2019-12-09 18:04:00,521.9,0.3,40.2,0.417
2019-12-09 18:05:00,507.2,0.3,40.1,0.417
2019-12-09 18:06:00,479.7,0.3,40.1,0.417
2019-12-09 18:07:00,419.3,0.31,40,0.417
2019-12-09 18:08:00,325.9,0.31,40,0.417
2019-12-09 18:09:00,305.8,0.31,39.9,0.417
2019-12-09 18:10:00,336.9,0.31,39.8,0.416
2019-12-09 18:11:00,362.5,0.31,39.8,0.416
2019-12-09 18:12:00,406.5,0.31,39.8,0.416
2019-12-09 18:13:00,424.8,0.31,39.8,0.416
2019-12-09 18:14:00,428.5,0.31,39.7,0.416
2019-12-09 18:15:00,432.1,0.31,39.7,0.416
2019-12-09 18:16:00,371.7,0.32,39.7,0.416
2019-12-09 18:17:00,245.4,0.31,39.7,0.416
2019-12-09 18:18:00,194.1,0.32,39.7,0.416
2019-12-09 18:19:00,243.5,0.32,39.6,0.416
2019-12-09 18:20:00,362.5,0.31,39.5,0.416
2019-12-09 18:21:00,399.2,0.31,39.4,0.416
2019-12-09 18:22:00,377.2,0.32,39.4,0.416
2019-12-09 18:23:00,388.2,0.32,39.3,0.416
2019-12-09 18:24:00,408.3,0.32,39.3,0.415
2019-12-09 18:25:00,402.8,0.32,39.3,0.415
2019-12-09 18:26:00,388.2,0.32,39.3,0.415
2019-12-09 18:27:00,377.2,0.32,39.3,0.414
2019-12-09 18:28:00,375.4,0.32,39.2,0.414
2019-12-09 18:29:00,313.1,0.32,39.2,0.414
2019-12-09 18:30:00,172.1,0.32,39,0.414
2019-12-09 18:31:00,329.6,0.32,38.9,0.414
2019-12-09 18:32:00,278.3,0.32,38.8,0.414
2019-12-09 18:33:00,188.6,0.33,38.7,0.414
2019-12-09 18:34:00,152,0.33,38.6,0.414
2019-12-09 18:35:00,219.7,0.33,38.6,0.414
2019-12-09 18:36:00,320.4,0.33,38.5,0.413
2019-12-09 18:37:00,335.1,0.33,38.5,0.412
2019-12-09 18:38:00,313.1,0.34,38.4,0.412
2019-12-09 18:39:00,225.2,0.33,38.3,0.412
2019-12-09 18:40:00,153.8,0.33,38.2,0.412
2019-12-09 18:41:00,148.3,0.33,38.1,0.412
2019-12-09 18:42:00,142.8,0.34,38,0.412
2019-12-09 18:43:00,184.9,0.33,38,0.412
2019-12-09 18:44:00,254.5,0.33,37.9,0.412
2019-12-09 18:45:00,269.2,0.34,37.8,0.412
2019-12-09 18:46:00,260,0.34,37.7,0.412
2019-12-09 18:47:00,247.2,0.35,37.7,0.412
2019-12-09 18:48:00,245.4,0.35,37.6,0.412
2019-12-09 18:49:00,236.2,0.34,37.5,0.412
2019-12-09 18:50:00,228.9,0.35,37.5,0.412
2019-12-09 18:51:00,212.4,0.34,37.4,0.412
2019-12-09 18:52:00,212.4,0.34,37.3,0.411
2019-12-09 18:53:00,205.1,0.35,37.2,0.411
2019-12-09 18:54:00,186.8,0.35,37.1,0.411
2019-12-09 18:55:00,141,0.36,36.9,0.411
2019-12-09 18:56:00,142.8,0.36,36.8,0.411
2019-12-09 18:57:00,89.7,0.36,36.8,0.411
2019-12-09 18:58:00,100.7,0.36,36.6,0.411
2019-12-09 18:59:00,76.9,0.36,36.5,0.411
2019-12-09 19:00:00,91.6,0.36,36.4,0.411
2019-12-09 19:01:00,95.2,0.37,36.3,0.41
2019-12-09 19:02:00,93.4,0.37,36.2,0.41
2019-12-09 19:03:00,93.4,0.37,36.1,0.409
2019-12-09 19:04:00,91.6,0.37,36,0.409
2019-12-09 19:05:00,89.7,0.37,36,0.409
2019-12-09 19:06:00,87.9,0.37,35.9,0.409
2019-12-09 19:07:00,87.9,0.37,35.8,0.409
2019-12-09 19:08:00,86.1,0.38,35.8,0.409
2019-12-09 19:09:00,80.6,0.38,35.7,0.409
2019-12-09 19:10:00,56.8,0.38,35.7,0.409
2019-12-09 19:11:00,73.2,0.38,35.6,0.409
2019-12-09 19:12:00,78.7,0.38,35.5,0.409
2019-12-09 19:13:00,75.1,0.38,35.5,0.409
2019-12-09 19:14:00,75.1,0.38,35.5,0.409
2019-12-09 19:15:00,73.2,0.38,35.4,0.409
2019-12-09 19:16:00,71.4,0.38,35.4,0.409
2019-12-09 19:17:00,69.6,0.39,35.3,0.409
2019-12-09 19:18:00,67.7,0.39,35.3,0.408
2019-12-09 19:19:00,65.9,0.39,35.2,0.408
2019-12-09 19:20:00,64.1,0.39,35.1,0.408
2019-12-09 19:21:00,62.3,0.39,35.1,0.408
2019-12-09 19:22:00,60.4,0.39,35,0.407
2019-12-09 19:23:00,58.6,0.39,35,0.407
2019-12-09 19:24:00,54.9,0.39,34.9,0.407
2019-12-09 19:25:00,47.6,0.39,34.8,0.407
2019-12-09 19:26:00,53.1,0.39,34.8,0.407
2019-12-09 19:27:00,51.3,0.39,34.7,0.407
2019-12-09 19:28:00,49.4,0.39,34.7,0.407
2019-12-09 19:29:00,49.4,0.39,34.6,0.407
2019-12-09 19:30:00,47.6,0.39,34.5,0.407
2019-12-09 19:31:00,42.1,0.39,34.4,0.407
2019-12-09 19:32:00,40.3,0.39,34.3,0.406
2019-12-09 19:33:00,42.1,0.39,34.2,0.406
2019-12-09 19:34:00,40.3,0.4,34.1,0.406
2019-12-09 19:35:00,38.5,0.4,34,0.406
2019-12-09 19:36:00,36.6,0.4,33.9,0.406
2019-12-09 19:37:00,34.8,0.4,33.8,0.406
2019-12-09 19:38:00,33,0.4,33.7,0.406
2019-12-09 19:39:00,31.1,0.41,33.6,0.406
2019-12-09 19:40:00,31.1,0.41,33.5,0.406
2019-12-09 19:41:00,29.3,0.41,33.5,0.406
2019-12-09 19:42:00,27.5,0.41,33.4,0.406
2019-12-09 19:43:00,25.6,0.42,33.3,0.406
2019-12-09 19:44:00,23.8,0.43,33.3,0.406
2019-12-09 19:45:00,22,0.43,33.2,0.406
2019-12-09 19:46:00,20.1,0.44,33.1,0.406
2019-12-09 19:47:00,18.3,0.45,33.1,0.406
2019-12-09 19:48:00,16.5,0.45,33,0.406
2019-12-09 19:49:00,14.6,0.46,32.9,0.405
2019-12-09 19:50:00,14.6,0.47,32.7,0.405
2019-12-09 19:51:00,12.8,0.47,32.6,0.405
2019-12-09 19:52:00,11,0.48,32.4,0.404
2019-12-09 19:53:00,11,0.48,32.3,0.404
2019-12-09 19:54:00,9.2,0.49,32.2,0.404
2019-12-09 19:55:00,9.2,0.49,32,0.404
2019-12-09 19:56:00,7.3,0.5,31.9,0.404
2019-12-09 19:57:00,7.3,0.51,31.7,0.404
2019-12-09 19:58:00,5.5,0.5,31.5,0.404
2019-12-09 19:59:00,5.5,0.51,31.3,0.404
2019-12-09 20:00:00,5.5,0.51,31.2,0.404
2019-12-09 20:01:00,3.7,0.52,31,0.404
2019-12-09 20:02:00,3.7,0.52,31,0.404
2019-12-09 20:03:00,3.7,0.52,30.8,0.403
2019-12-09 20:04:00,3.7,0.53,30.7,0.403
2019-12-09 20:05:00,1.8,0.53,30.7,0.403
2019-12-09 20:06:00,1.8,0.53,30.6,0.402
2019-12-09 20:07:00,1.8,0.53,30.6,0.402
2019-12-09 20:08:00,1.8,0.54,30.5,0.402
2019-12-09 20:09:00,1.8,0.54,30.5,0.402
2019-12-09 20:10:00,0,0.54,30.5,0.402
2019-12-09 20:11:00,0,0.54,30.5,0.402
2019-12-09 20:12:00,0,0.54,30.4,0.402
2019-12-09 20:13:00,0,0.54,30.4,0.402
2019-12-09 20:14:00,0,0.54,30.3,0.402
2019-12-09 20:15:00,0,0.54,30.2,0.402
2019-12-09 20:16:00,0,0.55,30.1,0.402
2019-12-09 20:17:00,0,0.55,30,0.402
2019-12-09 20:18:00,0,0.55,29.9,0.402
2019-12-09 20:19:00,0,0.55,29.7,0.402
2019-12-09 20:20:00,0,0.56,29.6,0.402
2019-12-09 20:21:00,0,0.56,29.6,0.402
2019-12-09 20:22:00,0,0.56,29.5,0.402
2019-12-09 20:23:00,0,0.57,29.4,0.401
2019-12-09 20:24:00,0,0.57,29.3,0.401
2019-12-09 20:25:00,0,0.57,29.3,0.401
2019-12-09 20:26:00,0,0.57,29.2,0.401
2019-12-09 20:27:00,0,0.57,29.1,0.4
2019-12-09 20:28:00,0,0.58,29,0.4
2019-12-09 20:29:00,0,0.58,29,0.4
2019-12-09 20:30:00,0,0.58,28.9,0.4
2019-12-09 20:31:00,0,0.58,28.8,0.4
2019-12-09 20:32:00,0,0.58,28.7,0.4
2019-12-09 20:33:00,0,0.59,28.6,0.4
2019-12-09 20:34:00,0,0.59,28.6,0.4
2019-12-09 20:35:00,0,0.59,28.6,0.4
2019-12-09 20:36:00,0,0.59,28.5,0.4
2019-12-09 20:37:00,0,0.59,28.4,0.4
2019-12-09 20:38:00,0,0.6,28.3,0.4
2019-12-09 20:39:00,0,0.6,28.2,0.4
2019-12-09 20:40:00,0,0.6,28.1,0.4
2019-12-09 20:41:00,0,0.6,28,0.399
2019-12-09 20:42:00,0,0.61,27.9,0.399
2019-12-09 20:43:00,0,0.6,27.9,0.399
2019-12-09 20:44:00,0,0.61,27.9,0.399
2019-12-09 20:45:00,0,0.6,27.8,0.399
2019-12-09 20:46:00,0,0.61,27.8,0.399
2019-12-09 20:47:00,0,0.61,27.7,0.399
2019-12-09 20:48:00,0,0.61,27.7,0.399
2019-12-09 20:49:00,0,0.61,27.7,0.399
2019-12-09 20:50:00,0,0.61,27.7,0.399
2019-12-09 20:51:00,0,0.61,27.6,0.399
2019-12-09 20:52:00,0,0.61,27.6,0.399
2019-12-09 20:53:00,0,0.61,27.6,0.399
2019-12-09 20:54:00,0,0.61,27.5,0.399
2019-12-09 20:55:00,0,0.61,27.5,0.399
2019-12-09 20:56:00,0,0.61,27.4,0.399
2019-12-09 20:57:00,0,0.62,27.4,0.399
2019-12-09 20:58:00,0,0.62,27.3,0.399
2019-12-09 20:59:00,0,0.62,27.3,0.399
2019-12-09 21:00:00,0,0.62,27.3,0.398
2019-12-09 21:01:00,0,0.62,27.3,0.398
2019-12-09 21:02:00,0,0.62,27.2,0.398
2019-12-09 21:03:00,0,0.62,27.2,0.398
2019-12-09 21:04:00,0,0.62,27.1,0.398
2019-12-09 21:05:00,0,0.62,27,0.398
2019-12-09 21:06:00,0,0.62,27,0.397
2019-12-09 21:07:00,0,0.62,27,0.397
2019-12-09 21:08:00,0,0.63,27,0.397
2019-12-09 21:09:00,0,0.63,27,0.397
2019-12-09 21:10:00,0,0.63,26.9,0.397
2019-12-09 21:11:00,0,0.63,26.9,0.397
2019-12-09 21:12:00,0,0.63,26.9,0.397
2019-12-09 21:13:00,0,0.63,26.9,0.397
2019-12-09 21:14:00,0,0.63,26.8,0.397
2019-12-09 21:15:00,0,0.63,26.8,0.397
2019-12-09 21:16:00,0,0.63,26.7,0.397
2019-12-09 21:17:00,0,0.63,26.7,0.397
2019-12-09 21:18:00,0,0.63,26.6,0.397
2019-12-09 21:19:00,0,0.64,26.6,0.397
2019-12-09 21:20:00,0,0.64,26.6,0.396
2019-12-09 21:21:00,0,0.64,26.6,0.396
2019-12-09 21:22:00,0,0.63,26.5,0.396
2019-12-09 21:23:00,0,0.63,26.5,0.395
2019-12-09 21:24:00,0,0.64,26.5,0.395
2019-12-09 21:25:00,0,0.64,26.5,0.395
2019-12-09 21:26:00,0,0.64,26.5,0.395
2019-12-09 21:27:00,0,0.64,26.4,0.395
2019-12-09 21:28:00,0,0.64,26.4,0.395
2019-12-09 21:29:00,0,0.65,26.3,0.395
2019-12-09 21:30:00,0,0.64,26.3,0.395
2019-12-09 21:31:00,0,0.64,26.3,0.395
2019-12-09 21:32:00,0,0.65,26.3,0.395
2019-12-09 21:33:00,0,0.65,26.2,0.395
2019-12-09 21:34:00,0,0.65,26.2,0.395
2019-12-09 21:35:00,0,0.64,26.2,0.395
2019-12-09 21:36:00,0,0.65,26.2,0.395
2019-12-09 21:37:00,0,0.65,26.2,0.395
2019-12-09 21:38:00,0,0.65,26.1,0.395
2019-12-09 21:39:00,0,0.65,26.2,0.395
2019-12-09 21:40:00,0,0.65,26.1,0.395
2019-12-09 21:41:00,0,0.65,26.1,0.395
2019-12-09 21:42:00,0,0.65,26.1,0.395
2019-12-09 21:43:00,0,0.65,26.1,0.395
2019-12-09 21:44:00,0,0.65,26.1,0.395
2019-12-09 21:45:00,0,0.65,26.1,0.394
2019-12-09 21:46:00,0,0.65,26.1,0.395
2019-12-09 21:47:00,0,0.65,26.1,0.394
2019-12-09 21:48:00,0,0.65,26.1,0.394
2019-12-09 21:49:00,0,0.65,26.1,0.394
2019-12-09 21:50:00,0,0.65,26.1,0.394
2019-12-09 21:51:00,0,0.65,26.1,0.394
2019-12-09 21:52:00,0,0.65,26.1,0.394
2019-12-09 21:53:00,0,0.65,26,0.394
2019-12-09 21:54:00,0,0.65,26,0.394
2019-12-09 21:55:00,0,0.65,26,0.394
2019-12-09 21:56:00,0,0.65,26,0.394
2019-12-09 21:57:00,0,0.65,26,0.394
2019-12-09 21:58:00,0,0.65,26,0.394
2019-12-09 21:59:00,0,0.66,26,0.394
2019-12-09 22:00:00,0,0.65,25.9,0.394
2019-12-09 22:01:00,0,0.65,25.9,0.394
2019-12-09 22:02:00,0,0.65,25.9,0.394
2019-12-09 22:03:00,0,0.65,25.9,0.394
2019-12-09 22:04:00,0,0.66,25.9,0.394
2019-12-09 22:05:00,0,0.66,25.9,0.394
2019-12-09 22:06:00,0,0.66,25.9,0.394
2019-12-09 22:07:00,0,0.66,25.9,0.394
2019-12-09 22:08:00,0,0.66,25.9,0.394
2019-12-09 22:09:00,0,0.66,25.9,0.394
2019-12-09 22:10:00,0,0.66,25.8,0.394
2019-12-09 22:11:00,0,0.66,25.8,0.394
2019-12-09 22:12:00,0,0.66,25.8,0.393
2019-12-09 22:13:00,0,0.66,25.8,0.393
2019-12-09 22:14:00,0,0.66,25.8,0.393
2019-12-09 22:15:00,0,0.66,25.8,0.392
2019-12-09 22:16:00,0,0.66,25.8,0.392
2019-12-09 22:17:00,0,0.66,25.8,0.392
2019-12-09 22:18:00,0,0.66,25.8,0.392
2019-12-09 22:19:00,0,0.66,25.7,0.392
2019-12-09 22:20:00,0,0.66,25.7,0.392
2019-12-09 22:21:00,0,0.66,25.7,0.392
2019-12-09 22:22:00,0,0.66,25.7,0.392
2019-12-09 22:23:00,0,0.66,25.7,0.392
2019-12-09 22:24:00,0,0.66,25.7,0.392
2019-12-09 22:25:00,0,0.66,25.6,0.392
2019-12-09 22:26:00,0,0.66,25.6,0.392
2019-12-09 22:27:00,0,0.66,25.6,0.392
2019-12-09 22:28:00,0,0.66,25.7,0.392
2019-12-09 22:29:00,0,0.66,25.6,0.392
2019-12-09 22:30:00,0,0.65,25.6,0.392
2019-12-09 22:31:00,0,0.65,25.7,0.392
2019-12-09 22:32:00,0,0.65,25.7,0.392
2019-12-09 22:33:00,0,0.65,25.7,0.392
2019-12-09 22:34:00,0,0.65,25.6,0.392
2019-12-09 22:35:00,0,0.65,25.6,0.392
2019-12-09 22:36:00,0,0.65,25.6,0.392
2019-12-09 22:37:00,0,0.66,25.6,0.392
2019-12-09 22:38:00,0,0.66,25.6,0.392
2019-12-09 22:39:00,0,0.66,25.6,0.392
2019-12-09 22:40:00,0,0.65,25.6,0.392
2019-12-09 22:41:00,0,0.66,25.6,0.392
2019-12-09 22:42:00,0,0.66,25.6,0.392
2019-12-09 22:43:00,0,0.66,25.6,0.392
2019-12-09 22:44:00,0,0.66,25.6,0.392
2019-12-09 22:45:00,0,0.66,25.6,0.392
2019-12-09 22:46:00,0,0.66,25.6,0.391
2019-12-09 22:47:00,0,0.66,25.6,0.392
2019-12-09 22:48:00,0,0.66,25.5,0.391
2019-12-09 22:49:00,0,0.66,25.5,0.391
2019-12-09 22:50:00,0,0.66,25.5,0.391
2019-12-09 22:51:00,0,0.66,25.5,0.391
2019-12-09 22:52:00,0,0.66,25.5,0.39
2019-12-09 22:53:00,0,0.66,25.5,0.391
2019-12-09 22:54:00,0,0.66,25.4,0.391
2019-12-09 22:55:00,0,0.66,25.4,0.39
2019-12-09 22:56:00,0,0.66,25.4,0.39
2019-12-09 22:57:00,0,0.66,25.4,0.39
2019-12-09 22:58:00,0,0.66,25.4,0.39
2019-12-09 22:59:00,0,0.66,25.3,0.39
2019-12-09 23:00:00,0,0.65,25.3,0.39
2019-12-09 23:01:00,0,0.65,25.3,0.39
2019-12-09 23:02:00,0,0.65,25.3,0.39
2019-12-09 23:03:00,0,0.65,25.3,0.39
2019-12-09 23:04:00,0,0.66,25.2,0.39
2019-12-09 23:05:00,0,0.66,25.2,0.39
2019-12-09 23:06:00,0,0.66,25.1,0.39
2019-12-09 23:07:00,0,0.66,25.1,0.39
2019-12-09 23:08:00,0,0.66,25.1,0.39
2019-12-09 23:09:00,0,0.66,25,0.39
2019-12-09 23:10:00,0,0.66,25,0.39
2019-12-09 23:11:00,0,0.66,25,0.39
2019-12-09 23:12:00,0,0.66,25,0.39
2019-12-09 23:13:00,0,0.66,25,0.39
2019-12-09 23:14:00,0,0.66,25,0.39
2019-12-09 23:15:00,0,0.66,24.9,0.389
2019-12-09 23:16:00,0,0.66,24.9,0.39
2019-12-09 23:17:00,0,0.66,24.9,0.389
2019-12-09 23:18:00,0,0.66,24.9,0.389
2019-12-09 23:19:00,0,0.67,24.9,0.389
2019-12-09 23:20:00,0,0.66,24.8,0.389
2019-12-09 23:21:00,0,0.67,24.8,0.389
2019-12-09 23:22:00,0,0.67,24.8,0.389
2019-12-09 23:23:00,0,0.66,24.7,0.389
2019-12-09 23:24:00,0,0.66,24.7,0.389
2019-12-09 23:25:00,0,0.66,24.7,0.389
2019-12-09 23:26:00,0,0.66,24.7,0.389
2019-12-09 23:27:00,0,0.66,24.6,0.389
2019-12-09 23:28:00,0,0.66,24.6,0.389
2019-12-09 23:29:00,0,0.67,24.6,0.389
2019-12-09 23:30:00,0,0.67,24.5,0.389
2019-12-09 23:31:00,0,0.67,24.5,0.389
2019-12-09 23:32:00,0,0.67,24.5,0.389
2019-12-09 23:33:00,0,0.67,24.5,0.389
2019-12-09 23:34:00,0,0.67,24.5,0.389
2019-12-09 23:35:00,0,0.67,24.5,0.389
2019-12-09 23:36:00,0,0.67,24.4,0.389
2019-12-09 23:37:00,0,0.67,24.4,0.389
2019-12-09 23:38:00,0,0.67,24.4,0.389
2019-12-09 23:39:00,0,0.68,24.3,0.389
2019-12-09 23:40:00,0,0.68,24.3,0.389
2019-12-09 23:41:00,0,0.68,24.3,0.389
2019-12-09 23:42:00,0,0.68,24.3,0.389
2019-12-09 23:43:00,0,0.68,24.2,0.389
2019-12-09 23:44:00,0,0.68,24.2,0.389
2019-12-09 23:45:00,0,0.68,24.1,0.389
2019-12-09 23:46:00,0,0.68,24.1,0.389
2019-12-09 23:47:00,0,0.69,24.1,0.389
2019-12-09 23:48:00,0,0.69,24.1,0.389
2019-12-09 23:49:00,0,0.68,24,0.389
2019-12-09 23:50:00,0,0.68,24,0.389
2019-12-09 23:51:00,0,0.68,24,0.389
2019-12-09 23:52:00,0,0.68,24,0.389
2019-12-09 23:53:00,0,0.68,24,0.389
2019-12-09 23:54:00,0,0.68,24,0.389
2019-12-09 23:55:00,0,0.68,24,0.389
2019-12-09 23:56:00,0,0.68,23.9,0.389
2019-12-09 23:57:00,0,0.68,23.9,0.389
2019-12-09 23:58:00,0,0.68,23.9,0.389
2019-12-09 23:59:00,0,0.68,23.9,0.388
2019-12-10 00:00:00,0,0.68,23.9,0.388
2019-12-10 00:01:00,0,0.68,23.9,0.388
2019-12-10 00:02:00,0,0.68,23.8,0.388
2019-12-10 00:03:00,0,0.67,23.8,0.388
2019-12-10 00:04:00,0,0.68,23.8,0.388
2019-12-10 00:05:00,0,0.68,23.8,0.388
2019-12-10 00:06:00,0,0.68,23.7,0.388
2019-12-10 00:07:00,0,0.68,23.7,0.388
2019-12-10 00:08:00,0,0.68,23.7,0.387
2019-12-10 00:09:00,0,0.68,23.7,0.387
2019-12-10 00:10:00,0,0.68,23.6,0.387
2019-12-10 00:11:00,0,0.68,23.6,0.387
2019-12-10 00:12:00,0,0.69,23.6,0.387
2019-12-10 00:13:00,0,0.68,23.6,0.387
2019-12-10 00:14:00,0,0.68,23.6,0.387
2019-12-10 00:15:00,0,0.69,23.5,0.387
2019-12-10 00:16:00,0,0.69,23.5,0.387
2019-12-10 00:17:00,0,0.69,23.5,0.387
2019-12-10 00:18:00,0,0.69,23.5,0.387
2019-12-10 00:19:00,0,0.69,23.5,0.387
2019-12-10 00:20:00,0,0.7,23.5,0.387
2019-12-10 00:21:00,0,0.69,23.4,0.387
2019-12-10 00:22:00,0,0.69,23.4,0.387
2019-12-10 00:23:00,0,0.7,23.4,0.387
2019-12-10 00:24:00,0,0.7,23.3,0.387
2019-12-10 00:25:00,0,0.7,23.3,0.387
2019-12-10 00:26:00,0,0.7,23.3,0.387
2019-12-10 00:27:00,0,0.7,23.3,0.387
2019-12-10 00:28:00,0,0.7,23.3,0.387
2019-12-10 00:29:00,0,0.7,23.3,0.387
2019-12-10 00:30:00,0,0.7,23.3,0.387
2019-12-10 00:31:00,0,0.69,23.2,0.387
2019-12-10 00:32:00,0,0.7,23.2,0.387
2019-12-10 00:33:00,0,0.69,23.2,0.387
2019-12-10 00:34:00,0,0.69,23.2,0.386
2019-12-10 00:35:00,0,0.69,23.1,0.387
2019-12-10 00:36:00,0,0.69,23.1,0.386
2019-12-10 00:37:00,0,0.69,23.1,0.385
2019-12-10 00:38:00,0,0.7,23.1,0.385
2019-12-10 00:39:00,0,0.7,23.1,0.385
2019-12-10 00:40:00,0,0.7,23,0.385
2019-12-10 00:41:00,0,0.71,23,0.385
2019-12-10 00:42:00,0,0.7,23,0.385
2019-12-10 00:43:00,0,0.7,23,0.385
2019-12-10 00:44:00,0,0.7,23,0.385
2019-12-10 00:45:00,0,0.71,23,0.385
2019-12-10 00:46:00,0,0.71,23,0.385
2019-12-10 00:47:00,0,0.71,22.9,0.385
2019-12-10 00:48:00,0,0.71,22.9,0.385
2019-12-10 00:49:00,0,0.71,22.9,0.385
2019-12-10 00:50:00,0,0.7,22.9,0.385
2019-12-10 00:51:00,0,0.7,22.9,0.385
2019-12-10 00:52:00,0,0.7,22.9,0.385
2019-12-10 00:53:00,0,0.7,22.9,0.385
2019-12-10 00:54:00,0,0.7,22.9,0.385
2019-12-10 00:55:00,0,0.7,22.8,0.385
2019-12-10 00:56:00,0,0.7,22.8,0.385
2019-12-10 00:57:00,0,0.7,22.8,0.385
2019-12-10 00:58:00,0,0.69,22.8,0.385
2019-12-10 00:59:00,0,0.69,22.8,0.385
2019-12-10 01:00:00,0,0.69,22.8,0.385
2019-12-10 01:01:00,0,0.69,22.8,0.385
2019-12-10 01:02:00,0,0.69,22.7,0.385
2019-12-10 01:03:00,0,0.69,22.7,0.385
2019-12-10 01:04:00,0,0.69,22.7,0.385
2019-12-10 01:05:00,0,0.69,22.7,0.385
2019-12-10 01:06:00,0,0.69,22.7,0.385
2019-12-10 01:07:00,0,0.69,22.6,0.385
2019-12-10 01:08:00,0,0.69,22.6,0.385
2019-12-10 01:09:00,0,0.7,22.6,0.385
2019-12-10 01:10:00,0,0.7,22.6,0.385
2019-12-10 01:11:00,0,0.7,22.6,0.385
2019-12-10 01:12:00,0,0.7,22.6,0.385
2019-12-10 01:13:00,0,0.7,22.6,0.385
2019-12-10 01:14:00,0,0.69,22.5,0.385
2019-12-10 01:15:00,0,0.69,22.5,0.385
2019-12-10 01:16:00,0,0.69,22.5,0.385
2019-12-10 01:17:00,0,0.7,22.5,0.385
2019-12-10 01:18:00,0,0.7,22.5,0.385
2019-12-10 01:19:00,0,0.7,22.5,0.385
2019-12-10 01:20:00,0,0.7,22.5,0.384
2019-12-10 01:21:00,0,0.7,22.5,0.384
2019-12-10 01:22:00,0,0.7,22.4,0.384
2019-12-10 01:23:00,0,0.7,22.4,0.384
2019-12-10 01:24:00,0,0.69,22.4,0.384
2019-12-10 01:25:00,0,0.7,22.4,0.384
2019-12-10 01:26:00,0,0.7,22.4,0.384
2019-12-10 01:27:00,0,0.7,22.4,0.384
2019-12-10 01:28:00,0,0.7,22.4,0.384
2019-12-10 01:29:00,0,0.69,22.3,0.384
2019-12-10 01:30:00,0,0.69,22.3,0.384
2019-12-10 01:31:00,0,0.69,22.3,0.384
2019-12-10 01:32:00,0,0.69,22.3,0.384
2019-12-10 01:33:00,0,0.7,22.3,0.384
2019-12-10 01:34:00,0,0.7,22.3,0.383
2019-12-10 01:35:00,0,0.7,22.3,0.383
2019-12-10 01:36:00,0,0.7,22.2,0.383
2019-12-10 01:37:00,0,0.7,22.2,0.383
2019-12-10 01:38:00,0,0.7,22.2,0.383
2019-12-10 01:39:00,0,0.7,22.2,0.383
2019-12-10 01:40:00,0,0.7,22.2,0.383
2019-12-10 01:41:00,0,0.7,22.1,0.383
2019-12-10 01:42:00,0,0.71,22.1,0.383
2019-12-10 01:43:00,0,0.7,22.1,0.383
2019-12-10 01:44:00,0,0.7,22.1,0.383
2019-12-10 01:45:00,0,0.7,22.1,0.383
2019-12-10 01:46:00,0,0.7,22,0.383
2019-12-10 01:47:00,0,0.71,22,0.383
2019-12-10 01:48:00,0,0.7,22,0.383
2019-12-10 01:49:00,0,0.7,22,0.383
2019-12-10 01:50:00,0,0.7,22,0.383
2019-12-10 01:51:00,0,0.7,21.9,0.383
2019-12-10 01:52:00,0,0.69,21.9,0.383
2019-12-10 01:53:00,0,0.69,21.8,0.383
2019-12-10 01:54:00,0,0.7,21.8,0.383
2019-12-10 01:55:00,0,0.7,21.7,0.383
2019-12-10 01:56:00,0,0.7,21.6,0.383
2019-12-10 01:57:00,0,0.7,21.6,0.383
2019-12-10 01:58:00,0,0.7,21.5,0.383
2019-12-10 01:59:00,0,0.7,21.5,0.383
2019-12-10 02:00:00,0,0.7,21.5,0.383
2019-12-10 02:01:00,0,0.7,21.4,0.383
2019-12-10 02:02:00,0,0.7,21.3,0.383
2019-12-10 02:03:00,0,0.7,21.3,0.383
2019-12-10 02:04:00,0,0.71,21.3,0.383
2019-12-10 02:05:00,0,0.72,21.2,0.383
2019-12-10 02:06:00,0,0.72,21.2,0.383
2019-12-10 02:07:00,0,0.72,21.2,0.383
2019-12-10 02:08:00,0,0.72,21.2,0.383
2019-12-10 02:09:00,0,0.72,21.1,0.383
2019-12-10 02:10:00,0,0.72,21.1,0.383
2019-12-10 02:11:00,0,0.73,21.1,0.383
2019-12-10 02:12:00,0,0.72,21,0.383
2019-12-10 02:13:00,0,0.72,21,0.382
2019-12-10 02:14:00,0,0.72,21,0.383
2019-12-10 02:15:00,0,0.72,21,0.382
2019-12-10 02:16:00,0,0.73,20.9,0.382
2019-12-10 02:17:00,0,0.73,20.9,0.382
2019-12-10 02:18:00,0,0.73,20.9,0.382
2019-12-10 02:19:00,0,0.73,20.9,0.382
2019-12-10 02:20:00,0,0.73,20.9,0.382
2019-12-10 02:21:00,0,0.73,20.8,0.382
2019-12-10 02:22:00,0,0.73,20.8,0.382
2019-12-10 02:23:00,0,0.74,20.8,0.382
2019-12-10 02:24:00,0,0.73,20.8,0.382
2019-12-10 02:25:00,0,0.73,20.8,0.382
2019-12-10 02:26:00,0,0.73,20.8,0.382
2019-12-10 02:27:00,0,0.73,20.8,0.382
2019-12-10 02:28:00,0,0.73,20.8,0.382
2019-12-10 02:29:00,0,0.73,20.8,0.382
2019-12-10 02:30:00,0,0.74,20.7,0.382
2019-12-10 02:31:00,0,0.73,20.7,0.382
2019-12-10 02:32:00,0,0.73,20.7,0.382
2019-12-10 02:33:00,0,0.73,20.7,0.382
2019-12-10 02:34:00,0,0.72,20.7,0.382
2019-12-10 02:35:00,0,0.73,20.7,0.382
2019-12-10 02:36:00,0,0.73,20.7,0.382
2019-12-10 02:37:00,0,0.73,20.7,0.382
2019-12-10 02:38:00,0,0.73,20.7,0.382
2019-12-10 02:39:00,0,0.73,20.7,0.382
2019-12-10 02:40:00,0,0.73,20.7,0.382
2019-12-10 02:41:00,0,0.73,20.7,0.382
2019-12-10 02:42:00,0,0.73,20.7,0.382
2019-12-10 02:43:00,0,0.72,20.7,0.382
2019-12-10 02:44:00,0,0.72,20.7,0.382
2019-12-10 02:45:00,0,0.72,20.7,0.382
2019-12-10 02:46:00,0,0.72,20.7,0.382
2019-12-10 02:47:00,0,0.73,20.6,0.382
2019-12-10 02:48:00,0,0.73,20.6,0.382
2019-12-10 02:49:00,0,0.73,20.6,0.382
2019-12-10 02:50:00,0,0.73,20.7,0.382
2019-12-10 02:51:00,0,0.73,20.7,0.382
2019-12-10 02:52:00,0,0.73,20.7,0.382
2019-12-10 02:53:00,0,0.74,20.7,0.382
2019-12-10 02:54:00,0,0.74,20.6,0.382
2019-12-10 02:55:00,0,0.74,20.7,0.382
2019-12-10 02:56:00,0,0.75,20.6,0.382
2019-12-10 02:57:00,0,0.74,20.7,0.382
2019-12-10 02:58:00,0,0.75,20.6,0.382
2019-12-10 02:59:00,0,0.75,20.7,0.382
2019-12-10 03:00:00,0,0.75,20.7,0.382
2019-12-10 03:01:00,0,0.76,20.7,0.382
2019-12-10 03:02:00,0,0.77,20.7,0.381
2019-12-10 03:03:00,0,0.76,20.7,0.382
2019-12-10 03:04:00,0,0.76,20.7,0.381
2019-12-10 03:05:00,0,0.76,20.7,0.381
2019-12-10 03:06:00,0,0.77,20.7,0.382
2019-12-10 03:07:00,0,0.76,20.7,0.381
2019-12-10 03:08:00,0,0.77,20.7,0.381
2019-12-10 03:09:00,0,0.76,20.7,0.381
2019-12-10 03:10:00,0,0.76,20.7,0.381
2019-12-10 03:11:00,0,0.76,20.8,0.381
2019-12-10 03:12:00,0,0.76,20.8,0.381
2019-12-10 03:13:00,0,0.76,20.8,0.381
2019-12-10 03:14:00,0,0.76,20.8,0.381
2019-12-10 03:15:00,0,0.76,20.8,0.381
2019-12-10 03:16:00,0,0.76,20.8,0.38
2019-12-10 03:17:00,0,0.76,20.8,0.381
2019-12-10 03:18:00,0,0.76,20.8,0.38
2019-12-10 03:19:00,0,0.76,20.8,0.381
2019-12-10 03:20:00,0,0.76,20.8,0.381
2019-12-10 03:21:00,0,0.76,20.8,0.381
2019-12-10 03:22:00,0,0.76,20.8,0.38
2019-12-10 03:23:00,0,0.76,20.8,0.38
2019-12-10 03:24:00,0,0.75,20.8,0.38
2019-12-10 03:25:00,0,0.75,20.8,0.38
2019-12-10 03:26:00,0,0.75,20.8,0.38
2019-12-10 03:27:00,0,0.76,20.8,0.38
2019-12-10 03:28:00,0,0.75,20.8,0.38
2019-12-10 03:29:00,0,0.76,20.7,0.38
2019-12-10 03:30:00,0,0.76,20.7,0.38
2019-12-10 03:31:00,0,0.76,20.7,0.38
2019-12-10 03:32:00,0,0.76,20.7,0.38
2019-12-10 03:33:00,0,0.76,20.7,0.38
2019-12-10 03:34:00,0,0.76,20.7,0.38
2019-12-10 03:35:00,0,0.77,20.7,0.38
2019-12-10 03:36:00,0,0.77,20.7,0.38
2019-12-10 03:37:00,0,0.77,20.7,0.38
2019-12-10 03:38:00,0,0.78,20.7,0.38
2019-12-10 03:39:00,0,0.78,20.7,0.38
2019-12-10 03:40:00,0,0.78,20.7,0.38
2019-12-10 03:41:00,0,0.77,20.6,0.38
2019-12-10 03:42:00,0,0.78,20.7,0.38
2019-12-10 03:43:00,0,0.77,20.6,0.38
2019-12-10 03:44:00,0,0.77,20.6,0.38
2019-12-10 03:45:00,0,0.77,20.6,0.38
2019-12-10 03:46:00,0,0.77,20.6,0.38
2019-12-10 03:47:00,0,0.77,20.6,0.38
2019-12-10 03:48:00,0,0.77,20.6,0.38
2019-12-10 03:49:00,0,0.77,20.6,0.38
2019-12-10 03:50:00,0,0.77,20.6,0.38
2019-12-10 03:51:00,0,0.77,20.6,0.38
2019-12-10 03:52:00,0,0.77,20.6,0.38
2019-12-10 03:53:00,0,0.77,20.6,0.38
2019-12-10 03:54:00,0,0.77,20.6,0.38
2019-12-10 03:55:00,0,0.77,20.5,0.38
2019-12-10 03:56:00,0,0.76,20.5,0.38
2019-12-10 03:57:00,0,0.76,20.5,0.38
2019-12-10 03:58:00,0,0.76,20.5,0.38
2019-12-10 03:59:00,0,0.75,20.5,0.38
2019-12-10 04:00:00,0,0.75,20.5,0.38
2019-12-10 04:01:00,0,0.74,20.5,0.38
2019-12-10 04:02:00,0,0.74,20.5,0.38
2019-12-10 04:03:00,0,0.74,20.5,0.38
2019-12-10 04:04:00,0,0.74,20.5,0.38
2019-12-10 04:05:00,0,0.73,20.5,0.38
2019-12-10 04:06:00,0,0.73,20.5,0.38
2019-12-10 04:07:00,0,0.73,20.4,0.38
2019-12-10 04:08:00,0,0.73,20.4,0.38
2019-12-10 04:09:00,0,0.72,20.5,0.38
2019-12-10 04:10:00,0,0.72,20.4,0.38
2019-12-10 04:11:00,0,0.72,20.4,0.379
2019-12-10 04:12:00,0,0.71,20.4,0.379
2019-12-10 04:13:00,0,0.71,20.4,0.38
2019-12-10 04:14:00,0,0.71,20.4,0.379
2019-12-10 04:15:00,0,0.71,20.3,0.379
2019-12-10 04:16:00,0,0.71,20.3,0.38
2019-12-10 04:17:00,0,0.71,20.3,0.379
2019-12-10 04:18:00,0,0.71,20.3,0.378
2019-12-10 04:19:00,0,0.71,20.3,0.378
2019-12-10 04:20:00,0,0.71,20.3,0.378
2019-12-10 04:21:00,0,0.71,20.3,0.379
2019-12-10 04:22:00,0,0.7,20.3,0.378
2019-12-10 04:23:00,0,0.7,20.3,0.378
2019-12-10 04:24:00,0,0.7,20.3,0.378
2019-12-10 04:25:00,0,0.7,20.3,0.378
2019-12-10 04:26:00,0,0.7,20.3,0.378
2019-12-10 04:27:00,0,0.7,20.3,0.378
2019-12-10 04:28:00,0,0.69,20.3,0.378
2019-12-10 04:29:00,0,0.69,20.3,0.378
2019-12-10 04:30:00,0,0.69,20.3,0.378
2019-12-10 04:31:00,0,0.69,20.3,0.378
2019-12-10 04:32:00,0,0.69,20.3,0.378
2019-12-10 04:33:00,0,0.69,20.3,0.378
2019-12-10 04:34:00,0,0.69,20.3,0.378
2019-12-10 04:35:00,0,0.69,20.3,0.378
2019-12-10 04:36:00,0,0.68,20.3,0.378
2019-12-10 04:37:00,0,0.68,20.3,0.378
2019-12-10 04:38:00,0,0.68,20.3,0.378
2019-12-10 04:39:00,0,0.68,20.3,0.378
2019-12-10 04:40:00,0,0.68,20.3,0.378
2019-12-10 04:41:00,0,0.68,20.3,0.378
2019-12-10 04:42:00,0,0.68,20.3,0.378
2019-12-10 04:43:00,0,0.68,20.3,0.378
2019-12-10 04:44:00,0,0.68,20.3,0.378
2019-12-10 04:45:00,0,0.68,20.3,0.378
2019-12-10 04:46:00,0,0.68,20.3,0.378
2019-12-10 04:47:00,0,0.68,20.3,0.378
2019-12-10 04:48:00,0,0.67,20.3,0.378
2019-12-10 04:49:00,0,0.68,20.3,0.378
2019-12-10 04:50:00,0,0.67,20.3,0.378
2019-12-10 04:51:00,0,0.67,20.3,0.378
2019-12-10 04:52:00,0,0.67,20.3,0.378
2019-12-10 04:53:00,0,0.67,20.3,0.378
2019-12-10 04:54:00,0,0.67,20.3,0.378
2019-12-10 04:55:00,0,0.67,20.3,0.378
2019-12-10 04:56:00,0,0.66,20.3,0.378
2019-12-10 04:57:00,0,0.66,20.3,0.378
2019-12-10 04:58:00,0,0.66,20.3,0.378
2019-12-10 04:59:00,0,0.66,20.3,0.378
2019-12-10 05:00:00,0,0.65,20.3,0.378
2019-12-10 05:01:00,0,0.65,20.3,0.378
2019-12-10 05:02:00,0,0.65,20.3,0.378
2019-12-10 05:03:00,0,0.65,20.2,0.378
2019-12-10 05:04:00,0,0.65,20.3,0.378
2019-12-10 05:05:00,0,0.65,20.3,0.378
2019-12-10 05:06:00,0,0.65,20.3,0.378
2019-12-10 05:07:00,0,0.64,20.3,0.378
2019-12-10 05:08:00,0,0.65,20.3,0.378
2019-12-10 05:09:00,0,0.65,20.3,0.378
2019-12-10 05:10:00,0,0.65,20.3,0.378
2019-12-10 05:11:00,0,0.64,20.3,0.378
2019-12-10 05:12:00,0,0.64,20.3,0.378
2019-12-10 05:13:00,0,0.64,20.3,0.378
2019-12-10 05:14:00,0,0.64,20.3,0.378
2019-12-10 05:15:00,0,0.63,20.3,0.378
2019-12-10 05:16:00,0,0.63,20.3,0.378
2019-12-10 05:17:00,0,0.63,20.3,0.378
2019-12-10 05:18:00,0,0.63,20.3,0.378
2019-12-10 05:19:00,0,0.63,20.3,0.378
2019-12-10 05:20:00,0,0.63,20.3,0.378
2019-12-10 05:21:00,0,0.63,20.3,0.378
2019-12-10 05:22:00,1.8,0.63,20.3,0.378
2019-12-10 05:23:00,1.8,0.62,20.3,0.378
2019-12-10 05:24:00,1.8,0.62,20.3,0.378
2019-12-10 05:25:00,1.8,0.62,20.3,0.378
2019-12-10 05:26:00,1.8,0.62,20.3,0.377
2019-12-10 05:27:00,1.8,0.62,20.3,0.378
2019-12-10 05:28:00,3.7,0.62,20.3,0.377
2019-12-10 05:29:00,3.7,0.62,20.3,0.378
2019-12-10 05:30:00,3.7,0.62,20.3,0.377
2019-12-10 05:31:00,3.7,0.62,20.3,0.378
2019-12-10 05:32:00,5.5,0.62,20.3,0.377
2019-12-10 05:33:00,5.5,0.61,20.3,0.377
2019-12-10 05:34:00,5.5,0.61,20.3,0.377
2019-12-10 05:35:00,7.3,0.61,20.4,0.377
2019-12-10 05:36:00,7.3,0.61,20.4,0.377
2019-12-10 05:37:00,7.3,0.61,20.4,0.377
2019-12-10 05:38:00,9.2,0.61,20.4,0.377
2019-12-10 05:39:00,9.2,0.61,20.3,0.377
2019-12-10 05:40:00,9.2,0.61,20.4,0.377
2019-12-10 05:41:00,11,0.61,20.3,0.377
2019-12-10 05:42:00,11,0.61,20.4,0.377
2019-12-10 05:43:00,12.8,0.61,20.4,0.377
2019-12-10 05:44:00,12.8,0.61,20.4,0.377
2019-12-10 05:45:00,14.6,0.6,20.4,0.377
2019-12-10 05:46:00,14.6,0.61,20.4,0.377
2019-12-10 05:47:00,14.6,0.61,20.4,0.377
2019-12-10 05:48:00,16.5,0.61,20.4,0.377
2019-12-10 05:49:00,18.3,0.6,20.4,0.377
2019-12-10 05:50:00,18.3,0.6,20.4,0.377
2019-12-10 05:51:00,20.1,0.6,20.4,0.377
2019-12-10 05:52:00,20.1,0.6,20.4,0.377
2019-12-10 05:53:00,22,0.6,20.4,0.377
2019-12-10 05:54:00,22,0.6,20.4,0.377
2019-12-10 05:55:00,23.8,0.6,20.4,0.377
2019-12-10 05:56:00,23.8,0.6,20.4,0.377
2019-12-10 05:57:00,25.6,0.6,20.4,0.377
2019-12-10 05:58:00,27.5,0.6,20.4,0.377
2019-12-10 05:59:00,27.5,0.6,20.4,0.377
2019-12-10 06:00:00,29.3,0.6,20.4,0.377
2019-12-10 06:01:00,29.3,0.59,20.5,0.377
2019-12-10 06:02:00,33,0.6,20.5,0.377
2019-12-10 06:03:00,33,0.59,20.5,0.377
2019-12-10 06:04:00,34.8,0.6,20.5,0.377
2019-12-10 06:05:00,36.6,0.6,20.5,0.377
2019-12-10 06:06:00,36.6,0.59,20.5,0.377
2019-12-10 06:07:00,38.5,0.59,20.5,0.377
2019-12-10 06:08:00,40.3,0.6,20.5,0.377
2019-12-10 06:09:00,40.3,0.6,20.5,0.377
2019-12-10 06:10:00,42.1,0.6,20.5,0.377
2019-12-10 06:11:00,40.3,0.6,20.5,0.377
2019-12-10 06:12:00,43.9,0.6,20.5,0.377
2019-12-10 06:13:00,43.9,0.6,20.6,0.377
2019-12-10 06:14:00,45.8,0.6,20.6,0.377
2019-12-10 06:15:00,47.6,0.6,20.6,0.377
2019-12-10 06:16:00,47.6,0.6,20.6,0.377
2019-12-10 06:17:00,49.4,0.6,20.6,0.377
2019-12-10 06:18:00,51.3,0.6,20.6,0.377
2019-12-10 06:19:00,51.3,0.6,20.6,0.377
2019-12-10 06:20:00,53.1,0.6,20.7,0.377
2019-12-10 06:21:00,53.1,0.6,20.7,0.377
2019-12-10 06:22:00,54.9,0.61,20.7,0.377
2019-12-10 06:23:00,56.8,0.61,20.7,0.377
2019-12-10 06:24:00,56.8,0.6,20.8,0.377
2019-12-10 06:25:00,58.6,0.6,20.8,0.377
2019-12-10 06:26:00,58.6,0.6,20.8,0.377
2019-12-10 06:27:00,60.4,0.6,20.9,0.377
2019-12-10 06:28:00,62.3,0.61,20.9,0.377
2019-12-10 06:29:00,62.3,0.6,20.9,0.377
2019-12-10 06:30:00,64.1,0.6,20.9,0.377
2019-12-10 06:31:00,65.9,0.6,21,0.377
2019-12-10 06:32:00,65.9,0.61,21,0.377
2019-12-10 06:33:00,67.7,0.61,21,0.377
2019-12-10 06:34:00,69.6,0.61,21.1,0.377
2019-12-10 06:35:00,69.6,0.61,21.1,0.377
2019-12-10 06:36:00,71.4,0.61,21.2,0.376
2019-12-10 06:37:00,73.2,0.61,21.2,0.377
2019-12-10 06:38:00,75.1,0.61,21.3,0.376
2019-12-10 06:39:00,75.1,0.6,21.3,0.377
2019-12-10 06:40:00,76.9,0.61,21.4,0.377
2019-12-10 06:41:00,78.7,0.61,21.5,0.377
2019-12-10 06:42:00,80.6,0.6,21.5,0.375
2019-12-10 06:43:00,78.7,0.61,21.6,0.376
2019-12-10 06:44:00,84.2,0.6,21.6,0.376
2019-12-10 06:45:00,86.1,0.6,21.7,0.376
2019-12-10 06:46:00,87.9,0.6,21.8,0.375
2019-12-10 06:47:00,87.9,0.6,21.9,0.376
2019-12-10 06:48:00,89.7,0.59,21.9,0.376
2019-12-10 06:49:00,89.7,0.6,22,0.375
2019-12-10 06:50:00,91.6,0.59,22,0.375
2019-12-10 06:51:00,91.6,0.59,22.1,0.375
2019-12-10 06:52:00,93.4,0.59,22.2,0.375
2019-12-10 06:53:00,93.4,0.59,22.3,0.375
2019-12-10 06:54:00,95.2,0.58,22.3,0.375
2019-12-10 06:55:00,95.2,0.58,22.4,0.375
2019-12-10 06:56:00,97,0.59,22.5,0.375
2019-12-10 06:57:00,98.9,0.58,22.6,0.375
2019-12-10 06:58:00,98.9,0.58,22.6,0.375
2019-12-10 06:59:00,98.9,0.58,22.8,0.375
2019-12-10 07:00:00,100.7,0.58,22.9,0.375
2019-12-10 07:01:00,102.5,0.58,22.9,0.375
2019-12-10 07:02:00,102.5,0.58,23,0.375
2019-12-10 07:03:00,104.4,0.58,23.1,0.375
2019-12-10 07:04:00,106.2,0.57,23.2,0.375
2019-12-10 07:05:00,108,0.57,23.3,0.375
2019-12-10 07:06:00,108,0.56,23.4,0.375
2019-12-10 07:07:00,111.7,0.56,23.5,0.375
2019-12-10 07:08:00,115.4,0.54,23.6,0.375
2019-12-10 07:09:00,117.2,0.53,23.7,0.375
2019-12-10 07:10:00,119,0.52,23.9,0.375
2019-12-10 07:11:00,122.7,0.52,24,0.375
2019-12-10 07:12:00,126.3,0.51,24.1,0.375
2019-12-10 07:13:00,128.2,0.51,24.3,0.375
2019-12-10 07:14:00,130,0.51,24.5,0.375
2019-12-10 07:15:00,131.8,0.5,24.6,0.375
2019-12-10 07:16:00,135.5,0.49,24.7,0.375
2019-12-10 07:17:00,206.9,0.49,24.9,0.375
2019-12-10 07:18:00,338.7,0.48,25,0.375
2019-12-10 07:19:00,362.5,0.48,25.1,0.375
2019-12-10 07:20:00,406.5,0.48,25.3,0.375
2019-12-10 07:21:00,441.3,0.48,25.5,0.375
2019-12-10 07:22:00,413.8,0.47,25.6,0.375
2019-12-10 07:23:00,293,0.46,25.7,0.375
2019-12-10 07:24:00,210.6,0.46,25.9,0.375
2019-12-10 07:25:00,325.9,0.46,26,0.375
2019-12-10 07:26:00,452.3,0.45,26.2,0.375
2019-12-10 07:27:00,234.4,0.44,26.4,0.375
2019-12-10 07:28:00,258.2,0.44,26.5,0.375
2019-12-10 07:29:00,144.7,0.43,26.7,0.375
2019-12-10 07:30:00,219.7,0.43,26.8,0.375
2019-12-10 07:31:00,412,0.42,26.9,0.375
2019-12-10 07:32:00,327.8,0.43,27,0.375
2019-12-10 07:33:00,481.6,0.42,27.2,0.375
2019-12-10 07:34:00,498,0.42,27.3,0.375
2019-12-10 07:35:00,437.6,0.42,27.5,0.375
2019-12-10 07:36:00,366.2,0.41,27.6,0.375
2019-12-10 07:37:00,490.7,0.41,27.7,0.375
2019-12-10 07:38:00,452.3,0.41,27.9,0.375
2019-12-10 07:39:00,399.2,0.4,28,0.375
2019-12-10 07:40:00,344.2,0.39,28.2,0.375
2019-12-10 07:41:00,293,0.4,28.4,0.375
2019-12-10 07:42:00,250.9,0.39,28.5,0.375
2019-12-10 07:43:00,221.6,0.39,28.7,0.375
2019-12-10 07:44:00,201.4,0.38,28.8,0.375
2019-12-10 07:45:00,192.3,0.38,29,0.375
2019-12-10 07:46:00,188.6,0.38,29.1,0.375
2019-12-10 07:47:00,186.8,0.37,29.3,0.375
2019-12-10 07:48:00,186.8,0.37,29.4,0.375
2019-12-10 07:49:00,186.8,0.37,29.5,0.375
2019-12-10 07:50:00,188.6,0.37,29.6,0.375
2019-12-10 07:51:00,188.6,0.36,29.8,0.375
2019-12-10 07:52:00,188.6,0.36,29.9,0.375
2019-12-10 07:53:00,190.4,0.35,30,0.375
2019-12-10 07:54:00,190.4,0.35,30.1,0.375
2019-12-10 07:55:00,190.4,0.35,30.2,0.375
2019-12-10 07:56:00,192.3,0.35,30.3,0.375
2019-12-10 07:57:00,194.1,0.35,30.5,0.375
2019-12-10 07:58:00,192.3,0.35,30.6,0.375
2019-12-10 07:59:00,194.1,0.35,30.7,0.375
2019-12-10 08:00:00,194.1,0.34,30.9,0.375
2019-12-10 08:01:00,195.9,0.34,30.9,0.375
2019-12-10 08:02:00,195.9,0.34,31,0.375
2019-12-10 08:03:00,197.8,0.33,31.1,0.375
2019-12-10 08:04:00,197.8,0.33,31.2,0.375
2019-12-10 08:05:00,197.8,0.33,31.3,0.375
2019-12-10 08:06:00,199.6,0.33,31.3,0.375
2019-12-10 08:07:00,201.4,0.33,31.3,0.375
2019-12-10 08:08:00,201.4,0.33,31.3,0.375
2019-12-10 08:09:00,203.2,0.33,31.4,0.375
2019-12-10 08:10:00,203.2,0.33,31.5,0.375
2019-12-10 08:11:00,205.1,0.32,31.5,0.375
2019-12-10 08:12:00,206.9,0.32,31.5,0.375
2019-12-10 08:13:00,206.9,0.32,31.6,0.375
2019-12-10 08:14:00,208.7,0.32,31.6,0.375
2019-12-10 08:15:00,210.6,0.32,31.6,0.375
2019-12-10 08:16:00,212.4,0.32,31.6,0.375
2019-12-10 08:17:00,212.4,0.32,31.7,0.375
2019-12-10 08:18:00,214.2,0.32,31.7,0.375
2019-12-10 08:19:00,216.1,0.32,31.7,0.375
2019-12-10 08:20:00,217.9,0.32,31.7,0.375
2019-12-10 08:21:00,219.7,0.32,31.8,0.375
2019-12-10 08:22:00,221.6,0.32,31.9,0.375
2019-12-10 08:23:00,225.2,0.32,31.9,0.375
2019-12-10 08:24:00,227.1,0.31,31.9,0.374
2019-12-10 08:25:00,228.9,0.31,32,0.374
2019-12-10 08:26:00,232.5,0.31,32.1,0.375
2019-12-10 08:27:00,238,0.31,32.2,0.375
2019-12-10 08:28:00,245.4,0.3,32.2,0.374
2019-12-10 08:29:00,256.3,0.31,32.3,0.374
2019-12-10 08:30:00,276.5,0.31,32.3,0.375
2019-12-10 08:31:00,311.3,0.31,32.3,0.374
2019-12-10 08:32:00,357.1,0.31,32.3,0.374
2019-12-10 08:33:00,408.3,0.31,32.4,0.374
2019-12-10 08:34:00,501.7,0.31,32.5,0.374
2019-12-10 08:35:00,629.9,0.29,32.5,0.374
2019-12-10 08:36:00,717.8,0.3,32.6,0.374
2019-12-10 08:37:00,772.7,0.3,32.7,0.374
2019-12-10 08:38:00,794.7,0.3,32.7,0.374
2019-12-10 08:39:00,791,0.29,32.8,0.374
2019-12-10 08:40:00,792.8,0.3,32.9,0.374
2019-12-10 08:41:00,813,0.29,33,0.374
2019-12-10 08:42:00,791,0.3,33.1,0.374
2019-12-10 08:43:00,772.7,0.3,33.2,0.374
2019-12-10 08:44:00,800.2,0.3,33.3,0.374
2019-12-10 08:45:00,851.4,0.3,33.4,0.374
2019-12-10 08:46:00,895.4,0.3,33.5,0.374
2019-12-10 08:47:00,928.3,0.29,33.6,0.373
2019-12-10 08:48:00,941.2,0.3,33.7,0.373
2019-12-10 08:49:00,943,0.29,33.8,0.373
2019-12-10 08:50:00,950.3,0.3,33.9,0.373
2019-12-10 08:51:00,957.6,0.28,34,0.373
2019-12-10 08:52:00,972.3,0.29,34.2,0.373
2019-12-10 08:53:00,996.1,0.29,34.3,0.373
2019-12-10 08:54:00,1003.4,0.28,34.5,0.373
2019-12-10 08:55:00,1021.7,0.29,34.6,0.373
2019-12-10 08:56:00,1023.6,0.28,34.7,0.373
2019-12-10 08:57:00,1047.4,0.27,34.9,0.373
2019-12-10 08:58:00,1018.1,0.27,35,0.373
2019-12-10 08:59:00,1023.6,0.27,35.2,0.373
2019-12-10 09:00:00,1052.9,0.27,35.3,0.373
2019-12-10 09:01:00,1076.7,0.27,35.3,0.373
2019-12-10 09:02:00,1109.6,0.26,35.3,0.373
2019-12-10 09:03:00,1127.9,0.26,35.4,0.373
2019-12-10 09:04:00,1144.4,0.27,35.4,0.373
2019-12-10 09:05:00,1157.2,0.27,35.5,0.373
2019-12-10 09:06:00,1170,0.27,35.5,0.373
2019-12-10 09:07:00,1175.5,0.26,35.6,0.373
2019-12-10 09:08:00,1181,0.26,35.7,0.373
2019-12-10 09:09:00,1146.2,0.26,35.7,0.373
2019-12-10 09:10:00,1102.3,0.26,35.7,0.373
2019-12-10 09:11:00,1133.4,0.26,35.7,0.373
2019-12-10 09:12:00,1065.7,0.26,35.7,0.373
2019-12-10 09:13:00,1040,0.26,35.8,0.373
2019-12-10 09:14:00,886.2,0.26,35.8,0.373
2019-12-10 09:15:00,1019.9,0.26,35.8,0.373
2019-12-10 09:16:00,1049.2,0.26,35.8,0.373
2019-12-10 09:17:00,1113.3,0.26,35.8,0.373
2019-12-10 09:18:00,1204.8,0.26,35.8,0.373
2019-12-10 09:19:00,1232.3,0.25,35.8,0.373
2019-12-10 09:20:00,1228.6,0.25,35.8,0.373
2019-12-10 09:21:00,1201.2,0.25,35.8,0.373
2019-12-10 09:22:00,1179.2,0.25,35.7,0.373
2019-12-10 09:23:00,1153.6,0.26,35.8,0.373
2019-12-10 09:24:00,1120.6,0.26,35.9,0.372
2019-12-10 09:25:00,1029.1,0.26,36,0.373
2019-12-10 09:26:00,1060.2,0.26,36.1,0.372
2019-12-10 09:27:00,1025.4,0.25,36.2,0.372
2019-12-10 09:28:00,955.8,0.25,36.3,0.372
2019-12-10 09:29:00,893.6,0.25,36.3,0.372
2019-12-10 09:30:00,721.4,0.25,36.4,0.372
2019-12-10 09:31:00,587.8,0.25,36.5,0.372
2019-12-10 09:32:00,448.6,0.25,36.5,0.372
2019-12-10 09:33:00,379,0.25,36.5,0.372
2019-12-10 09:34:00,351.6,0.25,36.5,0.372
2019-12-10 09:35:00,344.2,0.25,36.6,0.372
2019-12-10 09:36:00,340.6,0.25,36.6,0.372
2019-12-10 09:37:00,340.6,0.25,36.7,0.372
2019-12-10 09:38:00,342.4,0.25,36.7,0.372
2019-12-10 09:39:00,342.4,0.25,36.8,0.372
2019-12-10 09:40:00,344.2,0.24,36.8,0.372
2019-12-10 09:41:00,353.4,0.25,36.9,0.372
2019-12-10 09:42:00,452.3,0.25,36.9,0.372
2019-12-10 09:43:00,803.8,0.24,37,0.372
2019-12-10 09:44:00,1113.3,0.24,37,0.372
2019-12-10 09:45:00,1243.3,0.25,37,0.372
2019-12-10 09:46:00,1274.4,0.24,37.1,0.372
2019-12-10 09:47:00,1236,0.24,37.2,0.372
2019-12-10 09:48:00,1246.9,0.24,37.2,0.372
2019-12-10 09:49:00,1298.2,0.24,37.2,0.372
2019-12-10 09:50:00,1312.9,0.24,37.3,0.372
2019-12-10 09:51:00,1344,0.24,37.3,0.372
2019-12-10 09:52:00,1377,0.24,37.3,0.372
2019-12-10 09:53:00,1382.4,0.24,37.3,0.372
2019-12-10 09:54:00,1387.9,0.24,37.4,0.372
2019-12-10 09:55:00,1397.1,0.24,37.4,0.372
2019-12-10 09:56:00,1404.4,0.24,37.5,0.372
2019-12-10 09:57:00,1420.9,0.24,37.5,0.372
2019-12-10 09:58:00,1431.9,0.24,37.6,0.372
2019-12-10 09:59:00,1424.6,0.24,37.6,0.372
2019-12-10 10:00:00,1417.2,0.24,37.7,0.372
2019-12-10 10:01:00,1426.4,0.24,37.7,0.372
2019-12-10 10:02:00,1435.5,0.24,37.7,0.372
2019-12-10 10:03:00,1441,0.24,37.8,0.372
2019-12-10 10:04:00,1439.2,0.23,37.8,0.372
2019-12-10 10:05:00,1441,0.23,37.8,0.372
2019-12-10 10:06:00,1446.5,0.23,37.9,0.372
2019-12-10 10:07:00,1433.7,0.23,37.8,0.372
2019-12-10 10:08:00,1430.1,0.23,37.8,0.372
2019-12-10 10:09:00,1437.4,0.23,37.8,0.372
2019-12-10 10:10:00,1442.9,0.23,37.9,0.372
2019-12-10 10:11:00,1442.9,0.23,38,0.372
2019-12-10 10:12:00,1439.2,0.23,38.1,0.371
2019-12-10 10:13:00,1444.7,0.23,38.2,0.371
2019-12-10 10:14:00,1453.9,0.23,38.3,0.371
2019-12-10 10:15:00,1444.7,0.23,38.3,0.371
2019-12-10 10:16:00,1450.2,0.23,38.4,0.371
2019-12-10 10:17:00,1455.7,0.22,38.4,0.37
2019-12-10 10:18:00,1455.7,0.23,38.4,0.37
2019-12-10 10:19:00,1236,0.22,38.4,0.37
2019-12-10 10:20:00,825.8,0.23,38.5,0.37
2019-12-10 10:21:00,1076.7,0.23,38.5,0.37
2019-12-10 10:22:00,1393.4,0.23,38.5,0.37
2019-12-10 10:23:00,1234.1,0.23,38.6,0.37
2019-12-10 10:24:00,715.9,0.23,38.7,0.37
2019-12-10 10:25:00,401,0.23,38.8,0.37
2019-12-10 10:26:00,390,0.22,39,0.37
2019-12-10 10:27:00,397.3,0.22,39,0.37
2019-12-10 10:28:00,406.5,0.22,39.1,0.37
2019-12-10 10:29:00,463.3,0.22,39.2,0.37
2019-12-10 10:30:00,639,0.22,39.2,0.37
2019-12-10 10:31:00,723.3,0.22,39.3,0.369
2019-12-10 10:32:00,714.1,0.22,39.4,0.369
2019-12-10 10:33:00,774.5,0.22,39.5,0.368
2019-12-10 10:34:00,745.2,0.22,39.5,0.368
2019-12-10 10:35:00,851.4,0.21,39.6,0.368
2019-12-10 10:36:00,820.3,0.2,39.7,0.368
2019-12-10 10:37:00,889.9,0.21,39.7,0.368
2019-12-10 10:38:00,886.2,0.2,39.8,0.368
2019-12-10 10:39:00,902.7,0.21,39.7,0.368
2019-12-10 10:40:00,941.2,0.2,39.7,0.368
2019-12-10 10:41:00,910,0.2,39.7,0.368
2019-12-10 10:42:00,884.4,0.2,39.7,0.368
2019-12-10 10:43:00,763.5,0.2,39.7,0.368
2019-12-10 10:44:00,538.3,0.2,39.6,0.368
2019-12-10 10:45:00,443.1,0.21,39.6,0.368
2019-12-10 10:46:00,430.3,0.2,39.5,0.368
2019-12-10 10:47:00,415.6,0.2,39.5,0.368
2019-12-10 10:48:00,342.4,0.2,39.5,0.368
2019-12-10 10:49:00,331.4,0.21,39.4,0.368
2019-12-10 10:50:00,340.6,0.2,39.4,0.368
2019-12-10 10:51:00,386.4,0.2,39.4,0.368
2019-12-10 10:52:00,391.8,0.2,39.4,0.368
2019-12-10 10:53:00,390,0.2,39.4,0.367
2019-12-10 10:54:00,390,0.2,39.4,0.367
2019-12-10 10:55:00,390,0.2,39.4,0.367
2019-12-10 10:56:00,393.7,0.2,39.4,0.367
2019-12-10 10:57:00,397.3,0.2,39.3,0.367
2019-12-10 10:58:00,426.6,0.2,39.3,0.366
2019-12-10 10:59:00,585.9,0.2,39.4,0.366
2019-12-10 11:00:00,776.4,0.2,39.4,0.366
2019-12-10 11:01:00,763.5,0.21,39.4,0.366
2019-12-10 11:02:00,690.3,0.2,39.5,0.366
2019-12-10 11:03:00,820.3,0.2,39.5,0.366
2019-12-10 11:04:00,814.8,0.21,39.6,0.366
2019-12-10 11:05:00,697.6,0.2,39.7,0.366
2019-12-10 11:06:00,770.9,0.2,39.7,0.366
2019-12-10 11:07:00,730.6,0.2,39.8,0.366
2019-12-10 11:08:00,651.9,0.19,39.8,0.366
2019-12-10 11:09:00,640.9,0.19,39.8,0.366
2019-12-10 11:10:00,642.7,0.19,39.9,0.366
2019-12-10 11:11:00,651.9,0.2,39.9,0.366
2019-12-10 11:12:00,633.5,0.19,39.9,0.366
2019-12-10 11:13:00,578.6,0.2,39.9,0.365
2019-12-10 11:14:00,591.4,0.2,40,0.365
2019-12-10 11:15:00,569.5,0.2,40,0.365
2019-12-10 11:16:00,595.1,0.21,40,0.365
2019-12-10 11:17:00,575,0.2,40.1,0.365
2019-12-10 11:18:00,505.4,0.21,40.2,0.365
2019-12-10 11:19:00,459.6,0.2,40.3,0.365
2019-12-10 11:20:00,463.3,0.2,40.3,0.365
2019-12-10 11:21:00,430.3,0.2,40.4,0.365
2019-12-10 11:22:00,415.6,0.2,40.5,0.365
2019-12-10 11:23:00,413.8,0.19,40.5,0.365
2019-12-10 11:24:00,415.6,0.19,40.6,0.365
2019-12-10 11:25:00,423,0.19,40.7,0.365
2019-12-10 11:26:00,428.5,0.19,40.7,0.365
2019-12-10 11:27:00,580.4,0.19,40.7,0.365
2019-12-10 11:28:00,1051,0.19,40.7,0.365
2019-12-10 11:29:00,1281.7,0.19,40.7,0.365
2019-12-10 11:30:00,1334.8,0.19,40.7,0.364
2019-12-10 11:31:00,1560.1,0.19,40.7,0.364
2019-12-10 11:32:00,1594.8,0.19,40.7,0.364
2019-12-10 11:33:00,1453.9,0.19,40.8,0.363
2019-12-10 11:34:00,1512.5,0.19,40.8,0.363
2019-12-10 11:35:00,1644.3,0.19,40.8,0.363
2019-12-10 11:36:00,1609.5,0.19,40.9,0.363
2019-12-10 11:37:00,1261.6,0.19,40.9,0.363
2019-12-10 11:38:00,1192,0.19,41,0.363
2019-12-10 11:39:00,635.4,0.19,41,0.363
2019-12-10 11:40:00,754.4,0.19,41,0.363
2019-12-10 11:41:00,1457.5,0.19,41,0.363
2019-12-10 11:42:00,1305.5,0.19,41.1,0.362
2019-12-10 11:43:00,1301.9,0.19,41.1,0.361
2019-12-10 11:44:00,1325.7,0.19,41.2,0.361
2019-12-10 11:45:00,1622.3,0.19,41.2,0.361
2019-12-10 11:46:00,1534.4,0.19,41.3,0.361
2019-12-10 11:47:00,1157.2,0.19,41.3,0.361
2019-12-10 11:48:00,1212.2,0.19,41.4,0.361
2019-12-10 11:49:00,1658.9,0.19,41.5,0.361
2019-12-10 11:50:00,1759.6,0.19,41.6,0.361
2019-12-10 11:51:00,1832.9,0.19,41.7,0.361
2019-12-10 11:52:00,1853,0.19,41.8,0.361
2019-12-10 11:53:00,1838.4,0.19,42,0.361
2019-12-10 11:54:00,1845.7,0.18,42.1,0.361
2019-12-10 11:55:00,1860.4,0.18,42.2,0.361
2019-12-10 11:56:00,1426.4,0.19,42.3,0.361
2019-12-10 11:57:00,1724.9,0.18,42.5,0.36
2019-12-10 11:58:00,1530.8,0.18,42.6,0.36
2019-12-10 11:59:00,1146.2,0.18,42.7,0.36
2019-12-10 12:00:00,1347.7,0.18,42.7,0.36
2019-12-10 12:01:00,785.5,0.18,42.8,0.36
2019-12-10 12:02:00,1369.6,0.18,42.8,0.36
2019-12-10 12:03:00,770.9,0.17,42.8,0.36
2019-12-10 12:04:00,825.8,0.18,42.8,0.36
2019-12-10 12:05:00,796.5,0.17,42.8,0.36
2019-12-10 12:06:00,858.8,0.17,42.7,0.36
2019-12-10 12:07:00,1001.6,0.18,42.7,0.359
2019-12-10 12:08:00,661,0.17,42.7,0.358
2019-12-10 12:09:00,565.8,0.18,42.7,0.358
2019-12-10 12:10:00,1043.7,0.17,42.6,0.358
2019-12-10 12:11:00,595.1,0.17,42.6,0.358
2019-12-10 12:12:00,617.1,0.17,42.5,0.358
2019-12-10 12:13:00,655.5,0.18,42.5,0.358
2019-12-10 12:14:00,741.6,0.18,42.5,0.358
2019-12-10 12:15:00,937.5,0.18,42.5,0.358
2019-12-10 12:16:00,1047.4,0.17,42.5,0.358
2019-12-10 12:17:00,1307.4,0.17,42.5,0.358
2019-12-10 12:18:00,935.7,0.18,42.5,0.358
2019-12-10 12:19:00,924.7,0.17,42.5,0.358
2019-12-10 12:20:00,803.8,0.17,42.4,0.358
2019-12-10 12:21:00,668.3,0.17,42.4,0.357
2019-12-10 12:22:00,668.3,0.17,42.3,0.357
2019-12-10 12:23:00,576.8,0.17,42.3,0.357
2019-12-10 12:24:00,545.7,0.17,42.3,0.356
2019-12-10 12:25:00,443.1,0.17,42.3,0.356
2019-12-10 12:26:00,465.1,0.17,42.2,0.356
2019-12-10 12:27:00,514.5,0.16,42.1,0.356
2019-12-10 12:28:00,675.7,0.16,42,0.356
2019-12-10 12:29:00,829.5,0.16,42,0.356
2019-12-10 12:30:00,1095,0.17,41.9,0.356
2019-12-10 12:31:00,1195.7,0.17,41.9,0.356
2019-12-10 12:32:00,1016.2,0.17,41.9,0.356
2019-12-10 12:33:00,1084,0.17,41.9,0.355
2019-12-10 12:34:00,1761.5,0.17,41.8,0.355
2019-12-10 12:35:00,1867.7,0.17,41.9,0.355
2019-12-10 12:36:00,1858.5,0.17,41.9,0.355
2019-12-10 12:37:00,1843.9,0.17,42,0.355
2019-12-10 12:38:00,1787.1,0.17,42.2,0.355
2019-12-10 12:39:00,1741.3,0.17,42.4,0.355
2019-12-10 12:40:00,1543.6,0.17,42.5,0.355
2019-12-10 12:41:00,1278.1,0.17,42.7,0.355
2019-12-10 12:42:00,977.8,0.17,42.9,0.355
2019-12-10 12:43:00,1127.9,0.16,43,0.355
2019-12-10 12:44:00,847.8,0.16,43.1,0.355
2019-12-10 12:45:00,615.2,0.16,43.3,0.354
2019-12-10 12:46:00,891.7,0.14,43.3,0.354
2019-12-10 12:47:00,972.3,0.14,43.4,0.354
2019-12-10 12:48:00,1080.3,0.14,43.4,0.353
2019-12-10 12:49:00,732.4,0.14,43.4,0.353
2019-12-10 12:50:00,728.8,0.13,43.3,0.353
2019-12-10 12:51:00,589.6,0.14,43.1,0.353
2019-12-10 12:52:00,562.1,0.14,43,0.353
2019-12-10 12:53:00,595.1,0.14,42.9,0.353
2019-12-10 12:54:00,730.6,0.14,42.9,0.353
2019-12-10 12:55:00,772.7,0.14,42.8,0.353
2019-12-10 12:56:00,538.3,0.14,42.8,0.353
2019-12-10 12:57:00,512.7,0.14,42.8,0.352
2019-12-10 12:58:00,454.1,0.14,42.8,0.351
2019-12-10 12:59:00,494.4,0.14,42.8,0.351
2019-12-10 13:00:00,520,0.13,42.7,0.351
2019-12-10 13:01:00,485.2,0.13,42.7,0.351
2019-12-10 13:02:00,492.6,0.14,42.7,0.351
2019-12-10 13:03:00,503.5,0.14,42.6,0.351
2019-12-10 13:04:00,531,0.14,42.6,0.351
2019-12-10 13:05:00,551.1,0.14,42.5,0.351
2019-12-10 13:06:00,602.4,0.14,42.5,0.351
2019-12-10 13:07:00,675.7,0.14,42.4,0.351
2019-12-10 13:08:00,776.4,0.16,42.4,0.351
2019-12-10 13:09:00,1095,0.16,42.3,0.35
2019-12-10 13:10:00,1420.9,0.16,42.3,0.35
2019-12-10 13:11:00,840.5,0.17,42.3,0.349
2019-12-10 13:12:00,873.4,0.17,42.3,0.349
2019-12-10 13:13:00,726.9,0.17,42.3,0.349
2019-12-10 13:14:00,629.9,0.17,42.3,0.349
2019-12-10 13:15:00,553,0.18,42.3,0.349
2019-12-10 13:16:00,542,0.19,42.3,0.349
2019-12-10 13:17:00,510.9,0.19,42.3,0.349
2019-12-10 13:18:00,542,0.19,42.3,0.349
2019-12-10 13:19:00,575,0.19,42.3,0.349
2019-12-10 13:20:00,580.4,0.19,42.3,0.349
2019-12-10 13:21:00,651.9,0.2,42.2,0.348
2019-12-10 13:22:00,710.4,0.2,42.3,0.348
2019-12-10 13:23:00,646.4,0.2,42.2,0.348
2019-12-10 13:24:00,697.6,0.19,42.1,0.348
2019-12-10 13:25:00,675.7,0.19,42,0.348
2019-12-10 13:26:00,472.4,0.21,42,0.348
2019-12-10 13:27:00,402.8,0.21,42,0.348
2019-12-10 13:28:00,386.4,0.21,41.9,0.348
2019-12-10 13:29:00,386.4,0.21,41.8,0.348
2019-12-10 13:30:00,397.3,0.21,41.8,0.348
2019-12-10 13:31:00,415.6,0.21,41.7,0.348
2019-12-10 13:32:00,444.9,0.21,41.7,0.348
2019-12-10 13:33:00,510.9,0.21,41.6,0.347
2019-12-10 13:34:00,509,0.21,41.5,0.347
2019-12-10 13:35:00,446.8,0.22,41.4,0.347
2019-12-10 13:36:00,430.3,0.22,41.3,0.346
2019-12-10 13:37:00,432.1,0.22,41.2,0.346
2019-12-10 13:38:00,443.1,0.22,41.1,0.346
2019-12-10 13:39:00,501.7,0.22,41,0.346
2019-12-10 13:40:00,593.3,0.22,40.9,0.346
2019-12-10 13:41:00,576.8,0.22,40.9,0.346
2019-12-10 13:42:00,520,0.23,40.8,0.346
2019-12-10 13:43:00,532.8,0.22,40.7,0.346
2019-12-10 13:44:00,498,0.22,40.6,0.345
2019-12-10 13:45:00,512.7,0.22,40.5,0.344
2019-12-10 13:46:00,542,0.22,40.5,0.344
2019-12-10 13:47:00,587.8,0.22,40.4,0.344
2019-12-10 13:48:00,554.8,0.22,40.3,0.344
2019-12-10 13:49:00,556.6,0.23,40.3,0.344
2019-12-10 13:50:00,591.4,0.23,40.3,0.344
2019-12-10 13:51:00,576.8,0.23,40.3,0.344
2019-12-10 13:52:00,488.9,0.23,40.3,0.344
2019-12-10 13:53:00,450.4,0.23,40.3,0.344
2019-12-10 13:54:00,421.1,0.23,40.3,0.344
2019-12-10 13:55:00,399.2,0.22,40.2,0.344
2019-12-10 13:56:00,379,0.22,40.2,0.343
2019-12-10 13:57:00,371.7,0.22,40.1,0.343
2019-12-10 13:58:00,384.5,0.22,40.1,0.343
2019-12-10 13:59:00,426.6,0.22,40,0.343
2019-12-10 14:00:00,472.4,0.22,40,0.343
2019-12-10 14:01:00,516.4,0.22,40,0.343
2019-12-10 14:02:00,470.6,0.22,40,0.343
2019-12-10 14:03:00,492.6,0.22,39.9,0.343
2019-12-10 14:04:00,523.7,0.22,39.8,0.343
2019-12-10 14:05:00,481.6,0.22,39.8,0.343
2019-12-10 14:06:00,510.9,0.22,39.8,0.342
2019-12-10 14:07:00,498,0.21,39.7,0.341
2019-12-10 14:08:00,558.5,0.22,39.7,0.341
2019-12-10 14:09:00,494.4,0.22,39.6,0.341
2019-12-10 14:10:00,600.6,0.22,39.5,0.341
2019-12-10 14:11:00,604.2,0.22,39.5,0.341
2019-12-10 14:12:00,446.8,0.22,39.5,0.341
2019-12-10 14:13:00,428.5,0.22,39.5,0.341
2019-12-10 14:14:00,421.1,0.22,39.4,0.341
2019-12-10 14:15:00,432.1,0.21,39.3,0.341
2019-12-10 14:16:00,459.6,0.21,39.3,0.341
2019-12-10 14:17:00,514.5,0.21,39.3,0.341
2019-12-10 14:18:00,598.8,0.21,39.3,0.34
2019-12-10 14:19:00,640.9,0.21,39.3,0.34
2019-12-10 14:20:00,640.9,0.22,39.3,0.339
2019-12-10 14:21:00,534.7,0.22,39.3,0.339
2019-12-10 14:22:00,488.9,0.21,39.2,0.339
2019-12-10 14:23:00,448.6,0.22,39.2,0.339
2019-12-10 14:24:00,430.3,0.21,39.2,0.339
2019-12-10 14:25:00,412,0.21,39.1,0.339
2019-12-10 14:26:00,401,0.22,39.1,0.339
2019-12-10 14:27:00,399.2,0.21,39,0.338
2019-12-10 14:28:00,402.8,0.21,39,0.338
2019-12-10 14:29:00,404.7,0.21,38.9,0.338
2019-12-10 14:30:00,404.7,0.21,38.8,0.338
2019-12-10 14:31:00,390,0.22,38.8,0.338
2019-12-10 14:32:00,373.5,0.22,38.7,0.338
2019-12-10 14:33:00,358.9,0.22,38.7,0.338
2019-12-10 14:34:00,349.7,0.22,38.6,0.338
2019-12-10 14:35:00,347.9,0.22,38.5,0.338
2019-12-10 14:36:00,349.7,0.22,38.4,0.338
2019-12-10 14:37:00,344.2,0.22,38.3,0.338
2019-12-10 14:38:00,331.4,0.21,38.2,0.337
2019-12-10 14:39:00,314.9,0.22,38.1,0.337
2019-12-10 14:40:00,305.8,0.22,38,0.336
2019-12-10 14:41:00,304,0.21,37.8,0.336
2019-12-10 14:42:00,300.3,0.22,37.7,0.336
2019-12-10 14:43:00,298.5,0.22,37.7,0.336
2019-12-10 14:44:00,291.1,0.21,37.5,0.336
2019-12-10 14:45:00,287.5,0.22,37.4,0.336
2019-12-10 14:46:00,280.2,0.2,37.3,0.336
2019-12-10 14:47:00,272.8,0.22,37.1,0.336
2019-12-10 14:48:00,260,0.21,37,0.334
2019-12-10 14:49:00,245.4,0.21,36.8,0.334
2019-12-10 14:50:00,236.2,0.22,36.8,0.334
2019-12-10 14:51:00,232.5,0.21,36.6,0.334
2019-12-10 14:52:00,234.4,0.22,36.5,0.334
2019-12-10 14:53:00,228.9,0.22,36.4,0.334
2019-12-10 14:54:00,225.2,0.22,36.3,0.334
2019-12-10 14:55:00,225.2,0.23,36.2,0.334
2019-12-10 14:56:00,227.1,0.23,36.1,0.334
2019-12-10 14:57:00,228.9,0.23,36,0.334
2019-12-10 14:58:00,239.9,0.23,36,0.333
2019-12-10 14:59:00,256.3,0.23,35.9,0.333
2019-12-10 15:00:00,272.8,0.23,35.8,0.332
2019-12-10 15:01:00,298.5,0.23,35.7,0.332
2019-12-10 15:02:00,293,0.23,35.7,0.332
2019-12-10 15:03:00,278.3,0.23,35.6,0.332
2019-12-10 15:04:00,261.8,0.23,35.5,0.332
2019-12-10 15:05:00,238,0.23,35.5,0.332
2019-12-10 15:06:00,217.9,0.23,35.5,0.332
2019-12-10 15:07:00,199.6,0.23,35.4,0.332
2019-12-10 15:08:00,184.9,0.23,35.3,0.331
2019-12-10 15:09:00,175.8,0.23,35.3,0.331
2019-12-10 15:10:00,168.5,0.24,35.2,0.331
2019-12-10 15:11:00,166.6,0.23,35.2,0.331
2019-12-10 15:12:00,168.5,0.24,35.1,0.331
2019-12-10 15:13:00,175.8,0.23,35,0.331
2019-12-10 15:14:00,188.6,0.23,34.9,0.331
2019-12-10 15:15:00,206.9,0.23,34.9,0.331
2019-12-10 15:16:00,228.9,0.22,34.8,0.331
2019-12-10 15:17:00,254.5,0.23,34.8,0.331
2019-12-10 15:18:00,289.3,0.23,34.8,0.33
2019-12-10 15:19:00,329.6,0.23,34.8,0.33
2019-12-10 15:20:00,335.1,0.23,34.7,0.329
2019-12-10 15:21:00,346.1,0.24,34.7,0.329
2019-12-10 15:22:00,357.1,0.24,34.7,0.329
2019-12-10 15:23:00,366.2,0.24,34.8,0.329
2019-12-10 15:24:00,371.7,0.23,34.8,0.329
2019-12-10 15:25:00,366.2,0.23,34.8,0.329
2019-12-10 15:26:00,377.2,0.23,34.8,0.329
2019-12-10 15:27:00,377.2,0.23,34.8,0.328
2019-12-10 15:28:00,358.9,0.23,34.9,0.327
2019-12-10 15:29:00,355.2,0.23,34.9,0.327
2019-12-10 15:30:00,355.2,0.22,35,0.327
2019-12-10 15:31:00,355.2,0.22,35,0.327
2019-12-10 15:32:00,349.7,0.21,35,0.327
2019-12-10 15:33:00,346.1,0.21,35,0.327
2019-12-10 15:34:00,342.4,0.21,35,0.327
2019-12-10 15:35:00,351.6,0.21,35,0.327
2019-12-10 15:36:00,340.6,0.21,35.1,0.327
2019-12-10 15:37:00,335.1,0.21,35.1,0.327
2019-12-10 15:38:00,342.4,0.21,35.1,0.326
2019-12-10 15:39:00,346.1,0.21,35.2,0.326
2019-12-10 15:40:00,346.1,0.21,35.2,0.326
2019-12-10 15:41:00,342.4,0.21,35.2,0.326
2019-12-10 15:42:00,331.4,0.21,35.2,0.326
2019-12-10 15:43:00,320.4,0.21,35.2,0.326
2019-12-10 15:44:00,307.6,0.22,35.3,0.326
2019-12-10 15:45:00,294.8,0.22,35.3,0.326
2019-12-10 15:46:00,283.8,0.22,35.3,0.326
2019-12-10 15:47:00,272.8,0.21,35.2,0.325
2019-12-10 15:48:00,261.8,0.21,35.2,0.324
2019-12-10 15:49:00,252.7,0.21,35.1,0.324
2019-12-10 15:50:00,243.5,0.21,35.1,0.324
2019-12-10 15:51:00,234.4,0.21,35.1,0.324
2019-12-10 15:52:00,227.1,0.21,35,0.324
2019-12-10 15:53:00,219.7,0.21,35,0.324
2019-12-10 15:54:00,214.2,0.23,34.9,0.324
2019-12-10 15:55:00,210.6,0.22,34.8,0.324
2019-12-10 15:56:00,208.7,0.23,34.8,0.324
2019-12-10 15:57:00,210.6,0.22,34.7,0.324
2019-12-10 15:58:00,214.2,0.24,34.6,0.323
2019-12-10 15:59:00,223.4,0.24,34.6,0.323
2019-12-10 16:00:00,238,0.24,34.5,0.323
2019-12-10 16:01:00,250.9,0.24,34.5,0.44
2019-12-10 16:02:00,265.5,0.25,34.4,0.474
2019-12-10 16:03:00,278.3,0.24,34.4,0.466
2019-12-10 16:04:00,287.5,0.25,34.3,0.46
2019-12-10 16:05:00,296.6,0.25,34.3,0.454
2019-12-10 16:06:00,300.3,0.25,34.3,0.451
2019-12-10 16:07:00,294.8,0.25,34.3,0.45
2019-12-10 16:08:00,304,0.25,34.3,0.448
2019-12-10 16:09:00,307.6,0.25,34.3,0.446
2019-12-10 16:10:00,309.4,0.26,34.3,0.445
2019-12-10 16:11:00,316.8,0.26,34.2,0.445
2019-12-10 16:12:00,320.4,0.26,34.3,0.444
2019-12-10 16:13:00,324.1,0.26,34.3,0.443
2019-12-10 16:14:00,327.8,0.26,34.2,0.443
2019-12-10 16:15:00,327.8,0.25,34.2,0.443
2019-12-10 16:16:00,327.8,0.25,34.2,0.442
2019-12-10 16:17:00,325.9,0.24,34.2,0.441
2019-12-10 16:18:00,329.6,0.24,34.2,0.441
2019-12-10 16:19:00,335.1,0.24,34.2,0.44
2019-12-10 16:20:00,342.4,0.23,34.2,0.44
2019-12-10 16:21:00,349.7,0.23,34.1,0.44
2019-12-10 16:22:00,360.7,0.23,34.1,0.44
2019-12-10 16:23:00,373.5,0.22,34.1,0.44
2019-12-10 16:24:00,382.7,0.21,34.1,0.438
2019-12-10 16:25:00,395.5,0.21,34.1,0.438
2019-12-10 16:26:00,421.1,0.21,34.1,0.438
2019-12-10 16:27:00,443.1,0.21,34.1,0.438
2019-12-10 16:28:00,452.3,0.21,34.2,0.437
2019-12-10 16:29:00,481.6,0.21,34.2,0.436
2019-12-10 16:30:00,477.9,0.21,34.3,0.436
2019-12-10 16:31:00,474.2,0.21,34.4,0.436
2019-12-10 16:32:00,468.8,0.21,34.5,0.435
2019-12-10 16:33:00,488.9,0.21,34.7,0.434
2019-12-10 16:34:00,432.1,0.21,34.8,0.434
2019-12-10 16:35:00,388.2,0.21,34.9,0.434
2019-12-10 16:36:00,390,0.21,35.1,0.434
2019-12-10 16:37:00,384.5,0.22,35.2,0.434
2019-12-10 16:38:00,360.7,0.21,35.3,0.434
2019-12-10 16:39:00,373.5,0.22,35.5,0.433
2019-12-10 16:40:00,366.2,0.21,35.6,0.433
2019-12-10 16:41:00,340.6,0.21,35.7,0.433
2019-12-10 16:42:00,340.6,0.21,35.8,0.433
2019-12-10 16:43:00,309.4,0.21,35.8,0.433
2019-12-10 16:44:00,313.1,0.21,35.9,0.433
2019-12-10 16:45:00,311.3,0.21,36,0.433
2019-12-10 16:46:00,316.8,0.22,36,0.432
2019-12-10 16:47:00,322.3,0.22,36,0.431
2019-12-10 16:48:00,325.9,0.21,36,0.431
2019-12-10 16:49:00,331.4,0.21,36,0.431
2019-12-10 16:50:00,331.4,0.21,36,0.431
2019-12-10 16:51:00,344.2,0.21,36,0.431
2019-12-10 16:52:00,366.2,0.23,36.1,0.43
2019-12-10 16:53:00,353.4,0.23,36.1,0.429
2019-12-10 16:54:00,353.4,0.23,36.2,0.429
2019-12-10 16:55:00,344.2,0.23,36.2,0.429
2019-12-10 16:56:00,373.5,0.23,36.2,0.429
2019-12-10 16:57:00,357.1,0.22,36.3,0.429
2019-12-10 16:58:00,351.6,0.23,36.3,0.429
2019-12-10 16:59:00,322.3,0.21,36.3,0.429
2019-12-10 17:00:00,325.9,0.21,36.3,0.429
2019-12-10 17:01:00,293,0.21,36.3,0.429
2019-12-10 17:02:00,293,0.21,36.3,0.429
2019-12-10 17:03:00,371.7,0.21,36.3,0.428
2019-12-10 17:04:00,412,0.22,36.2,0.428
2019-12-10 17:05:00,415.6,0.23,36.3,-0.139
2019-12-10 17:06:00,430.3,0.23,36.3,0.144
2019-12-10 17:07:00,490.7,0.23,36.4,0.145
2019-12-10 17:08:00,666.5,0.23,36.4,0.145
2019-12-10 17:09:00,792.8,0.22,36.5,0.147
2019-12-10 17:10:00,902.7,0.21,36.6,0.147
2019-12-10 17:11:00,871.6,0.22,36.7,0.147
2019-12-10 17:12:00,754.4,0.22,36.9,0.147
2019-12-10 17:13:00,833.1,0.21,37,0.147
2019-12-10 17:14:00,725.1,0.22,37.1,0.147
2019-12-10 17:15:00,320.4,0.24,37.3,-0.133